timestamp,elapsed_sec,ear,mar,perclos,pitch,fusion_score,severity,blink_count,phone_detected,ground_truth
2026-08-19 10:17:25,8.05,0.2542,0.0193,0.0,171.3,0.0,NORMAL,0,False,0
2026-08-19 10:17:25,8.08,0.2516,0.0206,0.0,170.84,0.0,NORMAL,0,False,0
2026-08-19 10:17:25,8.13,0.2545,0.0235,0.0,172.84,0.0,NORMAL,0,False,0
2026-08-19 10:17:25,8.16,0.2522,0.0169,0.0,171.04,0.0,NORMAL,0,False,0
2026-08-19 10:17:25,8.21,0.2525,0.0207,0.0,172.19,0.0,NORMAL,0,False,0
2026-08-19 10:17:25,8.34,0.2564,0.0156,0.0,172.71,0.0,NORMAL,0,False,0
2026-08-19 10:17:25,8.38,0.271,0.0194,0.0,173.39,0.0,NORMAL,0,False,0
2026-08-19 10:17:25,8.42,0.2545,0.0313,0.0,173.11,0.0,NORMAL,0,False,0
2026-08-19 10:17:25,8.45,0.2586,0.0251,0.0,174.21,0.0,NORMAL,0,False,0
2026-08-19 10:17:25,8.5,0.2523,0.0232,0.0,174.6,0.0,NORMAL,0,False,0
2026-08-19 10:17:25,8.61,0.2499,0.0222,0.0,173.2,0.0,NORMAL,0,False,0
2026-08-19 10:17:25,8.66,0.2447,0.0382,0.0,172.26,0.0,NORMAL,0,False,0
2026-08-19 10:17:25,8.71,0.2635,0.0273,0.0,172.35,0.0,NORMAL,0,False,0
2026-08-19 10:17:25,8.75,0.2669,0.0326,0.0,172.66,0.0,NORMAL,0,False,0
2026-08-19 10:17:25,8.8,0.256,0.0358,0.0,172.55,0.0,NORMAL,0,False,0
2026-08-19 10:17:25,8.93,0.2571,0.0325,0.0,170.78,0.0,NORMAL,0,False,0
2026-08-19 10:17:25,8.96,0.2643,0.043,0.0,171.6,0.0,NORMAL,0,False,0
2026-08-19 10:17:26,9.01,0.2618,0.0351,0.0,171.11,0.0,NORMAL,0,False,0
2026-08-19 10:17:26,9.05,0.2632,0.0406,0.0,172.39,0.0,NORMAL,0,False,0
2026-08-19 10:17:26,9.09,0.2631,0.0404,0.0,172.18,0.0,NORMAL,0,False,0
2026-08-19 10:17:26,9.19,0.2667,0.0452,0.0,172.55,0.0,NORMAL,0,False,0
2026-08-19 10:17:26,9.23,0.2468,0.0362,0.0,171.43,0.0,NORMAL,0,False,0
2026-08-19 10:17:26,9.28,0.2696,0.0441,0.0,171.65,0.0,NORMAL,0,False,0
2026-08-19 10:17:26,9.31,0.2582,0.0474,0.0,171.2,0.0,NORMAL,0,False,0
2026-08-19 10:17:26,9.34,0.2531,0.0426,0.0,171.14,0.0,NORMAL,0,False,0
2026-08-19 10:17:26,9.45,0.2536,0.043,0.0,170.4,0.0,NORMAL,0,False,0
2026-08-19 10:17:26,9.48,0.2564,0.0428,0.0,171.64,0.0,NORMAL,0,False,0
2026-08-19 10:17:26,9.53,0.2602,0.038,0.0,170.62,0.0,NORMAL,0,False,0
2026-08-19 10:17:26,9.58,0.2615,0.0411,0.0,171.2,0.0,NORMAL,0,False,0
2026-08-19 10:17:26,9.61,0.254,0.0294,0.0,171.46,0.0,NORMAL,0,False,0
2026-08-19 10:17:26,9.74,0.2583,0.0432,0.0,171.71,0.0,NORMAL,0,False,0
2026-08-19 10:17:26,9.78,0.264,0.0416,0.0,170.98,0.0,NORMAL,0,False,0
2026-08-19 10:17:26,9.83,0.2652,0.0443,0.0,170.86,0.0,NORMAL,0,False,0
2026-08-19 10:17:26,9.87,0.2576,0.0369,0.0,170.88,0.0,NORMAL,0,False,0
2026-08-19 10:17:26,9.92,0.2658,0.041,0.0,172.51,0.0,NORMAL,0,False,0
2026-08-19 10:17:27,10.16,0.2756,0.0485,0.0,171.41,0.0,NORMAL,0,False,0
2026-08-19 10:17:27,10.2,0.2676,0.0437,0.0,171.31,0.0,NORMAL,0,False,0
2026-08-19 10:17:27,10.25,0.2712,0.0411,0.0,171.09,0.0,NORMAL,0,False,0
2026-08-19 10:17:27,10.3,0.268,0.0494,0.0,171.73,0.0,NORMAL,0,False,0
2026-08-19 10:17:27,10.34,0.2728,0.0476,0.0,171.27,0.0,NORMAL,0,False,0
2026-08-19 10:17:27,10.44,0.2736,0.0461,0.0,171.45,0.0,NORMAL,0,False,0
2026-08-19 10:17:27,10.48,0.2718,0.0462,0.0,171.11,0.0,NORMAL,0,False,0
2026-08-19 10:17:27,10.53,0.2709,0.0382,0.0,170.3,0.0,NORMAL,0,False,0
2026-08-19 10:17:27,10.56,0.2675,0.0474,0.0,171.04,0.0,NORMAL,0,False,0
2026-08-19 10:17:27,10.59,0.265,0.0437,0.0,171.09,0.0,NORMAL,0,False,0
2026-08-19 10:17:27,10.7,0.273,0.0399,0.0,171.27,0.0,NORMAL,0,False,0
2026-08-19 10:17:27,10.75,0.2678,0.0427,0.0,171.49,0.0,NORMAL,0,False,0
2026-08-19 10:17:27,10.78,0.2733,0.043,0.0,170.84,0.0,NORMAL,0,False,0
2026-08-19 10:17:27,10.83,0.2716,0.0359,0.0,171.12,0.0,NORMAL,0,False,0
2026-08-19 10:17:27,10.88,0.2732,0.0448,0.0,171.31,0.0,NORMAL,0,False,0
2026-08-19 10:17:28,10.98,0.2761,0.0375,0.0,170.25,0.0,NORMAL,0,False,0
2026-08-19 10:17:28,11.02,0.2628,0.0412,0.0,170.35,0.0,NORMAL,0,False,0
2026-08-19 10:17:28,11.05,0.2633,0.0426,0.0,171.37,0.0,NORMAL,0,False,0
2026-08-19 10:17:28,11.09,0.2632,0.0412,0.0,170.24,0.0,NORMAL,0,False,0
2026-08-19 10:17:28,11.12,0.2699,0.0291,0.0,170.61,0.0,NORMAL,0,False,0
2026-08-19 10:17:28,11.23,0.2719,0.0466,0.0,171.13,0.0,NORMAL,0,False,0
2026-08-19 10:17:28,11.28,0.263,0.0368,0.0,171.2,0.0,NORMAL,0,False,0
2026-08-19 10:17:28,11.32,0.2636,0.0412,0.0,170.25,0.0,NORMAL,0,False,0
2026-08-19 10:17:28,11.37,0.2702,0.0335,0.0,170.02,0.0,NORMAL,0,False,0
2026-08-19 10:17:28,11.41,0.2658,0.0323,0.0,170.44,0.0,NORMAL,0,False,0
2026-08-19 10:17:28,11.52,0.2612,0.0489,0.0,170.56,0.0,NORMAL,0,False,0
2026-08-19 10:17:28,11.57,0.267,0.0466,0.0,169.16,0.0,NORMAL,0,False,0
2026-08-19 10:17:28,11.62,0.2643,0.0528,0.0,170.11,0.0,NORMAL,0,False,0
2026-08-19 10:17:28,11.66,0.2577,0.0486,0.0,169.91,0.0,NORMAL,0,False,0
2026-08-19 10:17:28,11.69,0.2586,0.0508,0.0,170.4,0.0,NORMAL,0,False,0
2026-08-19 10:17:28,11.79,0.2646,0.0459,0.0,170.74,0.0,NORMAL,0,False,0
2026-08-19 10:17:28,11.83,0.2534,0.0304,0.0,169.34,0.0,NORMAL,0,False,0
2026-08-19 10:17:28,11.86,0.2522,0.0344,0.0,170.67,0.0,NORMAL,0,False,0
2026-08-19 10:17:28,11.92,0.2615,0.0472,0.0,170.19,0.0,NORMAL,0,False,0
2026-08-19 10:17:28,11.96,0.2601,0.0451,0.0,170.65,0.0,NORMAL,0,False,0
2026-08-19 10:17:29,12.08,0.2542,0.0414,0.0,169.65,0.0,NORMAL,0,False,0
2026-08-19 10:17:29,12.12,0.2684,0.0505,0.0,170.18,0.0,NORMAL,0,False,0
2026-08-19 10:17:29,12.15,0.2551,0.0473,0.0,170.77,0.0,NORMAL,0,False,0
2026-08-19 10:17:29,12.2,0.2637,0.0411,0.0,171.07,0.0,NORMAL,0,False,0
2026-08-19 10:17:29,12.24,0.259,0.0411,0.0,170.24,0.0,NORMAL,0,False,0
2026-08-19 10:17:29,12.36,0.2695,0.0394,0.0,171.01,0.0,NORMAL,0,False,0
2026-08-19 10:17:29,12.4,0.2653,0.0375,0.0,170.71,0.0,NORMAL,0,False,0
2026-08-19 10:17:29,12.43,0.2709,0.0493,0.0,171.69,0.0,NORMAL,0,False,0
2026-08-19 10:17:29,12.46,0.2604,0.0494,0.0,171.11,0.0,NORMAL,0,False,0
2026-08-19 10:17:29,12.51,0.2628,0.0486,0.0,170.88,0.0,NORMAL,0,False,0
2026-08-19 10:17:29,12.6,0.2623,0.0427,0.0,171.12,0.0,NORMAL,0,False,0
2026-08-19 10:17:29,12.63,0.2593,0.0305,0.0,171.52,0.0,NORMAL,0,False,0
2026-08-19 10:17:29,12.67,0.257,0.0418,0.0,171.1,0.0,NORMAL,0,False,0
2026-08-19 10:17:29,12.72,0.2655,0.0495,0.0,171.24,0.0,NORMAL,0,False,0
2026-08-19 10:17:29,12.76,0.2528,0.0473,0.0,169.79,0.0,NORMAL,0,False,0
2026-08-19 10:17:29,12.89,0.2276,0.0322,0.0,170.2,0.0,NORMAL,0,False,0
2026-08-19 10:17:29,12.92,0.1764,0.0402,1.15,169.12,0.003,NORMAL,0,False,0
2026-08-19 10:17:30,13.02,0.167,0.0312,2.27,168.59,0.085,NORMAL,0,False,0
2026-08-19 10:17:30,13.06,0.203,0.0452,2.25,168.96,0.007,NORMAL,1,False,0
2026-08-19 10:17:30,13.09,0.2202,0.0412,2.22,168.85,0.007,NORMAL,1,False,0
2026-08-19 10:17:30,13.21,0.256,0.0337,2.2,170.33,0.007,NORMAL,1,False,0
2026-08-19 10:17:30,13.25,0.2623,0.04,2.17,170.63,0.007,NORMAL,1,False,0
2026-08-19 10:17:30,13.29,0.2519,0.0541,2.15,171.09,0.006,NORMAL,1,False,0
2026-08-19 10:17:30,13.34,0.2596,0.0397,2.13,170.28,0.006,NORMAL,1,False,0
2026-08-19 10:17:30,13.39,0.2633,0.0357,2.11,170.84,0.006,NORMAL,1,False,0
2026-08-19 10:17:30,13.46,0.2489,0.0437,2.08,170.99,0.006,NORMAL,1,False,0
2026-08-19 10:17:30,13.5,0.2463,0.0434,2.06,170.41,0.006,NORMAL,1,False,0
2026-08-19 10:17:30,13.53,0.2522,0.0415,2.04,169.94,0.006,NORMAL,1,False,0
2026-08-19 10:17:30,13.56,0.2533,0.0551,2.02,170.09,0.006,NORMAL,1,False,0
2026-08-19 10:17:30,13.59,0.2625,0.037,2.0,169.35,0.006,NORMAL,1,False,0
2026-08-19 10:17:30,13.69,0.1532,0.0405,2.97,168.91,0.009,NORMAL,1,False,0
2026-08-19 10:17:30,13.73,0.1923,0.0416,2.94,169.27,0.009,NORMAL,1,False,0
2026-08-19 10:17:30,13.76,0.2205,0.0351,2.91,168.37,0.009,NORMAL,1,False,0
2026-08-19 10:17:30,13.81,0.2486,0.0448,2.88,169.7,0.009,NORMAL,1,False,0
2026-08-19 10:17:30,13.86,0.2471,0.0533,2.86,169.69,0.009,NORMAL,1,False,0
2026-08-19 10:17:30,13.96,0.2651,0.0401,2.83,169.51,0.008,NORMAL,1,False,0
2026-08-19 10:17:31,14.0,0.2626,0.043,2.8,169.8,0.008,NORMAL,1,False,0
2026-08-19 10:17:31,14.03,0.271,0.0474,2.78,170.2,0.008,NORMAL,1,False,0
2026-08-19 10:17:31,14.06,0.2586,0.0369,2.75,171.15,0.008,NORMAL,1,False,0
2026-08-19 10:17:31,14.11,0.2894,0.0448,2.73,172.15,0.008,NORMAL,1,False,0
2026-08-19 10:17:31,14.22,0.2824,0.0416,2.7,171.81,0.008,NORMAL,1,False,0
2026-08-19 10:17:31,14.26,0.2843,0.0386,2.68,171.57,0.008,NORMAL,1,False,0
2026-08-19 10:17:31,14.31,0.2913,0.0472,2.65,171.12,0.008,NORMAL,1,False,0
2026-08-19 10:17:31,14.36,0.2787,0.0455,2.63,170.91,0.008,NORMAL,1,False,0
2026-08-19 10:17:31,14.39,0.277,0.051,2.61,170.95,0.008,NORMAL,1,False,0
2026-08-19 10:17:31,14.48,0.2859,0.0415,2.59,170.91,0.008,NORMAL,1,False,0
2026-08-19 10:17:31,14.51,0.2723,0.0365,2.56,170.87,0.008,NORMAL,1,False,0
2026-08-19 10:17:31,14.55,0.2718,0.049,2.54,170.53,0.008,NORMAL,1,False,0
2026-08-19 10:17:31,14.59,0.2744,0.0397,2.52,170.6,0.008,NORMAL,1,False,0
2026-08-19 10:17:31,14.62,0.2632,0.0461,2.5,170.75,0.007,NORMAL,1,False,0
2026-08-19 10:17:31,14.72,0.2734,0.0469,2.48,170.71,0.007,NORMAL,1,False,0
2026-08-19 10:17:31,14.77,0.2748,0.0453,2.46,171.23,0.007,NORMAL,1,False,0
2026-08-19 10:17:31,14.81,0.2622,0.0468,2.44,169.32,0.007,NORMAL,1,False,0
2026-08-19 10:17:31,14.86,0.1733,0.0354,3.23,169.98,0.01,NORMAL,1,False,0
2026-08-19 10:17:31,14.89,0.1738,0.0396,4.0,168.37,0.038,NORMAL,1,False,0
2026-08-19 10:17:32,14.99,0.19,0.0448,3.97,168.66,0.012,NORMAL,2,False,0
2026-08-19 10:17:32,15.03,0.2132,0.0499,3.94,169.88,0.012,NORMAL,2,False,0
2026-08-19 10:17:32,15.06,0.2437,0.0395,3.91,170.14,0.012,NORMAL,2,False,0
2026-08-19 10:17:32,15.09,0.2565,0.0466,3.88,170.05,0.012,NORMAL,2,False,0
2026-08-19 10:17:32,15.12,0.2671,0.0499,3.85,171.36,0.012,NORMAL,2,False,0
2026-08-19 10:17:32,15.22,0.2552,0.0458,3.82,170.4,0.011,NORMAL,2,False,0
2026-08-19 10:17:32,15.25,0.2625,0.0408,3.79,170.05,0.011,NORMAL,2,False,0
2026-08-19 10:17:32,15.3,0.267,0.0439,3.76,171.27,0.011,NORMAL,2,False,0
2026-08-19 10:17:32,15.35,0.2649,0.0439,3.73,171.25,0.011,NORMAL,2,False,0
2026-08-19 10:17:32,15.39,0.2635,0.0429,3.7,169.83,0.011,NORMAL,2,False,0
2026-08-19 10:17:32,15.5,0.2617,0.0436,3.68,169.98,0.011,NORMAL,2,False,0
2026-08-19 10:17:32,15.53,0.2601,0.0375,3.65,170.12,0.011,NORMAL,2,False,0
2026-08-19 10:17:32,15.56,0.2617,0.0336,3.62,170.72,0.011,NORMAL,2,False,0
2026-08-19 10:17:32,15.61,0.2528,0.0467,3.6,170.76,0.011,NORMAL,2,False,0
2026-08-19 10:17:32,15.64,0.2669,0.0385,3.57,170.17,0.011,NORMAL,2,False,0
2026-08-19 10:17:32,15.73,0.2632,0.0468,3.55,170.82,0.011,NORMAL,2,False,0
2026-08-19 10:17:32,15.76,0.2675,0.0352,3.52,170.35,0.011,NORMAL,2,False,0
2026-08-19 10:17:32,15.8,0.2621,0.0399,3.5,171.38,0.01,NORMAL,2,False,0
2026-08-19 10:17:32,15.83,0.2574,0.0362,3.47,169.68,0.01,NORMAL,2,False,0
2026-08-19 10:17:32,15.88,0.2618,0.0343,3.45,170.12,0.01,NORMAL,2,False,0
2026-08-19 10:17:33,15.97,0.268,0.0319,3.42,170.7,0.01,NORMAL,2,False,0
2026-08-19 10:17:33,16.02,0.2655,0.0433,3.4,171.35,0.01,NORMAL,2,False,0
2026-08-19 10:17:33,16.06,0.2669,0.0346,3.38,170.65,0.01,NORMAL,2,False,0
2026-08-19 10:17:33,16.11,0.2664,0.035,3.36,171.46,0.01,NORMAL,2,False,0
2026-08-19 10:17:33,16.16,0.2478,0.0411,3.33,171.14,0.01,NORMAL,2,False,0
2026-08-19 10:17:33,16.27,0.2439,0.0243,3.31,171.06,0.01,NORMAL,2,False,0
2026-08-19 10:17:33,16.31,0.2277,0.0284,3.29,173.27,0.01,NORMAL,2,False,0
2026-08-19 10:17:33,16.35,0.2383,0.03,3.27,172.65,0.01,NORMAL,2,False,0
2026-08-19 10:17:33,16.39,0.2574,0.0383,3.25,173.26,0.01,NORMAL,2,False,0
2026-08-19 10:17:33,16.42,0.2614,0.0458,3.23,172.76,0.01,NORMAL,2,False,0
2026-08-19 10:17:33,16.51,0.2703,0.05,3.21,173.13,0.01,NORMAL,2,False,0
2026-08-19 10:17:33,16.55,0.2707,0.0964,3.18,173.13,0.01,NORMAL,2,False,0
2026-08-19 10:17:33,16.59,0.2742,0.3527,3.16,174.98,0.009,NORMAL,2,False,0
2026-08-19 10:17:33,16.64,0.2781,0.4115,3.14,175.1,0.009,NORMAL,2,False,0
2026-08-19 10:17:33,16.67,0.266,0.4852,3.12,174.48,0.009,NORMAL,2,False,0
2026-08-19 10:17:33,16.76,0.2743,0.4839,3.11,174.68,0.009,NORMAL,2,False,0
2026-08-19 10:17:33,16.82,0.2739,0.497,3.09,174.33,0.009,NORMAL,2,False,0
2026-08-19 10:17:33,16.86,0.2639,0.4606,3.07,174.02,0.009,NORMAL,2,False,0
2026-08-19 10:17:33,16.91,0.2609,0.4748,3.05,174.17,0.009,NORMAL,2,False,0
2026-08-19 10:17:33,16.95,0.2672,0.4889,3.03,173.5,0.009,NORMAL,2,False,0
2026-08-19 10:17:34,17.06,0.2735,0.4394,3.01,172.77,0.009,NORMAL,2,False,0
2026-08-19 10:17:34,17.1,0.2696,0.4704,2.99,173.08,0.009,NORMAL,2,False,0
2026-08-19 10:17:34,17.13,0.2669,0.465,2.98,172.68,0.009,NORMAL,2,False,0
2026-08-19 10:17:34,17.17,0.2782,0.4605,2.96,172.47,0.009,NORMAL,2,False,0
2026-08-19 10:17:34,17.21,0.2811,0.4208,2.94,171.97,0.009,NORMAL,2,False,0
2026-08-19 10:17:34,17.31,0.285,0.4419,2.92,172.74,0.009,NORMAL,2,False,0
2026-08-19 10:17:34,17.34,0.2744,0.4286,2.91,172.21,0.009,NORMAL,2,False,0
2026-08-19 10:17:34,17.38,0.2686,0.4104,2.89,172.4,0.009,NORMAL,2,False,0
2026-08-19 10:17:34,17.42,0.2572,0.1475,2.87,171.65,0.009,NORMAL,2,False,0
2026-08-19 10:17:34,17.47,0.2543,0.0661,2.86,172.36,0.009,NORMAL,2,False,0
2026-08-19 10:17:34,17.58,0.2564,0.0805,2.84,172.17,0.009,NORMAL,2,False,0
2026-08-19 10:17:34,17.62,0.2475,0.09,2.82,171.27,0.008,NORMAL,2,False,0
2026-08-19 10:17:34,17.65,0.2535,0.0682,2.81,171.48,0.008,NORMAL,2,False,0
2026-08-19 10:17:34,17.69,0.2471,0.0695,2.79,171.47,0.008,NORMAL,2,False,0
2026-08-19 10:17:34,17.72,0.2412,0.07,2.78,171.8,0.008,NORMAL,2,False,0
2026-08-19 10:17:34,17.83,0.2437,0.053,2.76,172.02,0.008,NORMAL,2,False,0
2026-08-19 10:17:34,17.86,0.2589,0.0763,2.75,171.94,0.008,NORMAL,2,False,0
2026-08-19 10:17:34,17.91,0.2549,0.0718,2.73,171.4,0.008,NORMAL,2,False,0
2026-08-19 10:17:34,17.95,0.255,0.0579,2.72,171.55,0.008,NORMAL,2,False,0
2026-08-19 10:17:35,17.99,0.2586,0.0703,2.7,171.98,0.008,NORMAL,2,False,0
2026-08-19 10:17:35,18.07,0.2496,0.063,2.69,170.87,0.008,NORMAL,2,False,0
2026-08-19 10:17:35,18.11,0.2507,0.0707,2.67,170.85,0.008,NORMAL,2,False,0
2026-08-19 10:17:35,18.15,0.2515,0.0702,2.66,170.82,0.008,NORMAL,2,False,0
2026-08-19 10:17:35,18.19,0.2548,0.0704,2.65,171.19,0.008,NORMAL,2,False,0
2026-08-19 10:17:35,18.22,0.2539,0.192,2.63,170.69,0.008,NORMAL,2,False,0
2026-08-19 10:17:35,18.31,0.2428,0.4321,2.62,170.61,0.008,NORMAL,2,False,0
2026-08-19 10:17:35,18.35,0.2268,0.4512,2.6,170.23,0.008,NORMAL,2,False,0
2026-08-19 10:17:35,18.39,0.2245,0.4789,2.59,170.17,0.008,NORMAL,2,False,0
2026-08-19 10:17:35,18.44,0.2365,0.482,2.58,169.89,0.008,NORMAL,2,False,0
2026-08-19 10:17:35,18.48,0.2333,0.5057,2.56,170.96,0.008,NORMAL,2,False,0
2026-08-19 10:17:35,18.58,0.2261,0.53,2.55,170.65,0.008,NORMAL,2,False,0
2026-08-19 10:17:35,18.63,0.2252,0.4859,2.54,170.58,0.008,NORMAL,2,False,0
2026-08-19 10:17:35,18.67,0.2222,0.5442,2.53,169.88,0.008,NORMAL,2,False,0
2026-08-19 10:17:35,18.7,0.2202,0.4641,2.51,169.65,0.008,NORMAL,2,False,0
2026-08-19 10:17:35,18.74,0.2246,0.4937,2.5,170.3,0.007,NORMAL,2,False,0
2026-08-19 10:17:35,18.83,0.2757,0.2663,2.49,173.39,0.007,NORMAL,2,False,0
2026-08-19 10:17:35,18.88,0.2762,0.1797,2.48,171.86,0.007,NORMAL,2,False,0
2026-08-19 10:17:35,18.92,0.2814,0.1084,2.46,172.8,0.007,NORMAL,2,False,0
2026-08-19 10:17:35,18.95,0.2715,0.0843,2.45,170.85,0.007,NORMAL,2,False,0
2026-08-19 10:17:36,18.98,0.2775,0.1054,2.44,168.55,0.007,NORMAL,2,False,0
2026-08-19 10:17:36,19.09,0.2675,0.0709,2.43,163.12,0.007,NORMAL,2,False,0
2026-08-19 10:17:36,19.13,0.2573,0.0564,2.42,163.13,0.007,NORMAL,2,False,0
2026-08-19 10:17:36,19.17,0.2373,0.0325,2.4,159.72,0.007,NORMAL,2,False,0
2026-08-19 10:17:36,19.21,0.2519,0.046,2.39,161.89,0.007,NORMAL,2,False,0
2026-08-19 10:17:36,19.25,0.247,0.0659,2.38,161.82,0.007,NORMAL,2,False,0
2026-08-19 10:17:36,19.36,0.2547,0.1006,2.37,164.31,0.007,NORMAL,2,False,0
2026-08-19 10:17:36,19.41,0.263,0.11,2.36,165.71,0.007,NORMAL,2,False,0
2026-08-19 10:17:36,19.45,0.253,0.108,2.35,166.77,0.007,NORMAL,2,False,0
2026-08-19 10:17:36,19.49,0.2601,0.1194,2.34,167.34,0.007,NORMAL,2,False,0
2026-08-19 10:17:36,19.52,0.2485,0.1444,2.33,166.59,0.007,NORMAL,2,False,0
2026-08-19 10:17:36,19.61,0.2618,0.1572,2.31,167.49,0.007,NORMAL,2,False,0
2026-08-19 10:17:36,19.65,0.2472,0.1718,2.3,167.11,0.007,NORMAL,2,False,0
2026-08-19 10:17:36,19.69,0.1053,0.0895,2.75,164.15,0.008,NORMAL,2,False,0
2026-08-19 10:17:36,19.72,0.1292,0.0614,3.2,165.27,0.035,NORMAL,2,False,0
2026-08-19 10:17:36,19.77,0.1384,0.0918,3.64,165.64,0.075,NORMAL,2,False,0
2026-08-19 10:17:36,19.88,0.1593,0.0588,4.07,165.91,0.161,NORMAL,2,False,0
2026-08-19 10:17:36,19.91,0.1691,0.0737,4.5,166.15,0.192,NORMAL,2,False,0
2026-08-19 10:17:36,19.95,0.1747,0.0861,4.93,167.69,0.218,NORMAL,2,False,0
2026-08-19 10:17:37,19.99,0.1752,0.0848,5.36,168.52,0.255,NORMAL,2,False,0
2026-08-19 10:17:37,20.02,0.1598,0.0784,5.78,168.69,0.283,NORMAL,2,False,0
2026-08-19 10:17:37,20.14,0.152,0.0752,6.19,168.53,0.377,MILD FATIGUE,2,False,0
2026-08-19 10:17:37,20.18,0.1605,0.0936,6.61,165.95,0.412,MILD FATIGUE,2,False,0
2026-08-19 10:17:37,20.23,0.1571,0.0729,7.02,166.56,0.421,MILD FATIGUE,2,False,0
2026-08-19 10:17:37,20.26,0.1427,0.0756,7.42,166.74,0.422,MILD FATIGUE,2,False,0
2026-08-19 10:17:37,20.32,0.1361,0.0625,7.83,167.86,0.423,MILD FATIGUE,2,False,0
2026-08-19 10:17:37,20.43,0.1627,0.1666,8.23,172.12,0.425,MILD FATIGUE,2,False,0
2026-08-19 10:17:37,20.48,0.1697,0.1757,8.62,171.23,0.426,MILD FATIGUE,2,False,0
2026-08-19 10:17:37,20.52,0.1826,0.1699,8.58,171.22,0.026,NORMAL,3,False,0
2026-08-19 10:17:37,20.57,0.1658,0.163,8.97,170.88,0.027,NORMAL,3,False,0
2026-08-19 10:17:37,20.62,0.1675,0.1638,9.36,170.27,0.066,NORMAL,3,False,0
2026-08-19 10:17:37,20.75,0.1774,0.1734,9.75,168.89,0.176,NORMAL,3,False,0
2026-08-19 10:17:37,20.79,0.1836,0.1703,9.7,169.72,0.029,NORMAL,4,False,0
2026-08-19 10:17:37,20.84,0.186,0.2091,9.66,169.94,0.029,NORMAL,4,False,0
2026-08-19 10:17:37,20.89,0.1669,0.1207,10.04,176.65,0.03,NORMAL,4,False,0
2026-08-19 10:17:37,20.92,0.1692,0.09,10.42,177.55,0.06,NORMAL,4,False,0
2026-08-19 10:17:38,21.07,0.1725,0.1094,10.79,178.66,0.18,NORMAL,4,False,0
2026-08-19 10:17:38,21.11,0.1717,0.0641,11.16,177.48,0.215,NORMAL,4,False,0
2026-08-19 10:17:38,21.15,0.1849,0.1003,11.11,177.36,0.033,NORMAL,5,False,0
2026-08-19 10:17:38,21.18,0.1824,0.0512,11.07,176.26,0.033,NORMAL,5,False,0
2026-08-19 10:17:38,21.22,0.1771,0.068,11.43,178.45,0.034,NORMAL,5,False,0
2026-08-19 10:17:38,21.32,0.1906,0.0765,11.38,179.56,0.034,NORMAL,5,False,0
2026-08-19 10:17:38,21.35,0.1842,0.0542,11.34,178.73,0.034,NORMAL,5,False,0
2026-08-19 10:17:38,21.38,0.181,0.0798,11.69,179.82,0.035,NORMAL,5,False,0
2026-08-19 10:17:38,21.41,0.1834,0.0898,11.65,-178.07,0.035,NORMAL,5,False,0
2026-08-19 10:17:38,21.44,0.1702,0.0804,12.0,179.81,0.036,NORMAL,5,False,0
2026-08-19 10:17:38,21.55,0.1675,0.0763,12.35,178.51,0.123,NORMAL,5,False,0
2026-08-19 10:17:38,21.6,0.1648,0.0774,12.7,179.85,0.163,NORMAL,5,False,0
2026-08-19 10:17:38,21.65,0.167,0.0705,13.04,-179.51,0.204,NORMAL,5,False,0
2026-08-19 10:17:38,21.68,0.1651,0.0802,13.39,179.59,0.229,NORMAL,5,False,0
2026-08-19 10:17:38,21.71,0.1588,0.08,13.73,-179.02,0.257,NORMAL,5,False,0
2026-08-19 10:17:38,21.82,0.1444,0.0713,14.06,179.86,0.346,MILD FATIGUE,5,False,0
2026-08-19 10:17:38,21.86,0.1635,0.0515,14.4,-176.69,0.377,MILD FATIGUE,5,False,0
2026-08-19 10:17:38,21.9,0.1539,0.058,14.73,-177.15,0.424,MILD FATIGUE,5,False,0
2026-08-19 10:17:38,21.93,0.1675,0.063,15.06,-176.25,0.457,MILD FATIGUE,5,False,0
2026-08-19 10:17:38,21.96,0.1512,0.0842,15.38,-174.6,0.475,MILD FATIGUE,5,False,0
2026-08-19 10:17:39,22.09,0.1594,0.0491,15.71,-174.59,0.512,DROWSY,5,False,0
2026-08-19 10:17:39,22.15,0.1693,0.0563,16.03,-177.37,0.532,DROWSY,5,False,0
2026-08-19 10:17:39,22.2,0.1684,0.0585,16.35,-175.15,0.545,DROWSY,5,False,0
2026-08-19 10:17:39,22.24,0.1778,0.0629,16.67,-173.42,0.559,DROWSY,5,False,0
2026-08-19 10:17:39,22.28,0.1679,0.0378,16.98,-174.01,0.57,DROWSY,5,False,0
2026-08-19 10:17:39,22.41,0.1737,0.0832,17.29,-174.1,0.608,DROWSY,5,False,0
2026-08-19 10:17:39,22.45,0.1686,0.0372,17.6,-174.53,0.62,DROWSY,5,False,0
2026-08-19 10:17:39,22.48,0.1681,0.0478,17.91,-173.7,0.631,DROWSY,5,False,0
2026-08-19 10:17:39,22.53,0.1649,0.0531,18.22,-177.78,0.645,DROWSY,5,False,0
2026-08-19 10:17:39,22.58,0.1754,0.071,18.52,-173.63,0.656,DROWSY,5,False,0
2026-08-19 10:17:39,22.67,0.1703,0.0413,18.82,-175.57,0.656,DROWSY,5,False,0
2026-08-19 10:17:39,22.71,0.1907,0.0468,18.75,-178.41,0.256,NORMAL,6,False,0
2026-08-19 10:17:39,22.76,0.1906,0.0406,18.68,-175.49,0.256,NORMAL,6,False,0
2026-08-19 10:17:39,22.79,0.1907,0.0369,18.61,-175.78,0.256,NORMAL,6,False,0
2026-08-19 10:17:39,22.84,0.1989,0.0363,18.55,-177.16,0.256,NORMAL,6,False,0
2026-08-19 10:17:39,22.93,0.1854,0.0388,18.48,-178.28,0.255,NORMAL,6,False,0
2026-08-19 10:17:39,22.96,0.1832,0.0289,18.41,-176.42,0.255,NORMAL,6,False,0
2026-08-19 10:17:40,23.01,0.186,0.0325,18.35,-177.41,0.255,NORMAL,6,False,0
2026-08-19 10:17:40,23.04,0.1866,0.0434,18.28,-179.22,0.255,NORMAL,6,False,0
2026-08-19 10:17:40,23.07,0.197,0.0435,18.21,-178.35,0.255,NORMAL,6,False,0
2026-08-19 10:17:40,23.18,0.1964,0.0382,18.15,-178.8,0.254,NORMAL,6,False,0
2026-08-19 10:17:40,23.21,0.207,0.0291,18.09,-179.12,0.254,NORMAL,6,False,0
2026-08-19 10:17:40,23.26,0.2013,0.0337,18.02,-178.55,0.254,NORMAL,6,False,0
2026-08-19 10:17:40,23.31,0.1908,0.0377,17.96,-179.28,0.254,NORMAL,6,False,0
2026-08-19 10:17:40,23.36,0.2008,0.0324,17.89,-177.88,0.254,NORMAL,6,False,0
2026-08-19 10:17:40,23.49,0.1963,0.0387,17.83,179.96,0.053,NORMAL,6,False,0
2026-08-19 10:17:40,23.53,0.1895,0.0378,17.77,-179.03,0.053,NORMAL,6,False,0
2026-08-19 10:17:40,23.58,0.1894,0.0511,17.71,-179.37,0.067,NORMAL,6,False,0
2026-08-19 10:17:40,23.62,0.1895,0.0523,17.65,-179.07,0.08,NORMAL,6,False,0
2026-08-19 10:17:40,23.67,0.1962,0.0321,17.59,-178.88,0.093,NORMAL,6,False,0
2026-08-19 10:17:40,23.75,0.1882,0.033,17.53,-179.27,0.118,NORMAL,6,False,0
2026-08-19 10:17:40,23.79,0.192,0.0454,17.47,-178.49,0.129,NORMAL,6,False,0
2026-08-19 10:17:40,23.84,0.1875,0.0382,17.41,-179.64,0.142,NORMAL,6,False,0
2026-08-19 10:17:40,23.87,0.1893,0.0422,17.35,-178.56,0.152,NORMAL,6,False,0
2026-08-19 10:17:40,23.92,0.1901,0.062,17.29,-178.9,0.163,NORMAL,6,False,0
2026-08-19 10:17:41,23.99,0.1932,0.0372,17.23,-179.3,0.185,NORMAL,6,False,0
2026-08-19 10:17:41,24.03,0.1808,0.033,17.51,-179.0,0.196,NORMAL,6,False,0
2026-08-19 10:17:41,24.07,0.198,0.035,17.45,-179.88,0.209,NORMAL,6,False,0
2026-08-19 10:17:41,24.12,0.1749,0.0334,17.73,-179.94,0.223,NORMAL,6,False,0
2026-08-19 10:17:41,24.17,0.1976,0.0355,17.67,179.84,0.053,NORMAL,6,False,0
2026-08-19 10:17:41,24.27,0.1817,0.0346,17.61,-178.46,0.053,NORMAL,6,False,0
2026-08-19 10:17:41,24.31,0.1825,0.037,17.55,-178.89,0.062,NORMAL,6,False,0
2026-08-19 10:17:41,24.35,0.1763,0.0368,17.82,-178.29,0.076,NORMAL,6,False,0
2026-08-19 10:17:41,24.39,0.1754,0.038,18.09,-178.35,0.113,NORMAL,6,False,0
2026-08-19 10:17:41,24.43,0.1746,0.0351,18.36,-179.21,0.161,NORMAL,6,False,0
2026-08-19 10:17:41,24.54,0.1855,0.0372,18.3,179.3,0.055,NORMAL,7,False,0
2026-08-19 10:17:41,24.58,0.1872,0.0332,18.24,178.73,0.055,NORMAL,7,False,0
2026-08-19 10:17:41,24.62,0.178,0.038,18.51,178.7,0.056,NORMAL,7,False,0
2026-08-19 10:17:41,24.67,0.1755,0.0241,18.77,179.2,0.094,NORMAL,7,False,0
2026-08-19 10:17:41,24.7,0.1846,0.0357,18.71,178.41,0.056,NORMAL,8,False,0
2026-08-19 10:17:41,24.79,0.1883,0.0382,18.65,179.96,0.056,NORMAL,8,False,0
2026-08-19 10:17:41,24.83,0.1718,0.0351,18.91,179.88,0.057,NORMAL,8,False,0
2026-08-19 10:17:41,24.88,0.1808,0.0447,19.17,178.59,0.098,NORMAL,8,False,0
2026-08-19 10:17:41,24.93,0.1686,0.0315,19.43,178.91,0.136,NORMAL,8,False,0
2026-08-19 10:17:42,24.97,0.1729,0.0293,19.68,178.44,0.172,NORMAL,8,False,0
2026-08-19 10:17:42,25.06,0.1785,0.0344,19.94,178.67,0.246,NORMAL,8,False,0
2026-08-19 10:17:42,25.1,0.1828,0.0286,19.87,178.89,0.06,NORMAL,9,False,0
2026-08-19 10:17:42,25.14,0.1921,0.0395,19.81,178.3,0.059,NORMAL,9,False,0
2026-08-19 10:17:42,25.19,0.1998,0.0343,19.75,179.94,0.059,NORMAL,9,False,0
2026-08-19 10:17:42,25.22,0.1969,0.0323,19.69,-179.91,0.059,NORMAL,9,False,0
2026-08-19 10:17:42,25.31,0.1966,0.0254,19.63,178.97,0.059,NORMAL,9,False,0
2026-08-19 10:17:42,25.35,0.2071,0.0255,19.57,177.5,0.059,NORMAL,9,False,0
2026-08-19 10:17:42,25.38,0.1953,0.022,19.5,176.19,0.059,NORMAL,9,False,0
2026-08-19 10:17:42,25.41,0.2119,0.0218,19.44,178.21,0.058,NORMAL,9,False,0
2026-08-19 10:17:42,25.47,0.2264,0.0202,19.38,177.58,0.058,NORMAL,9,False,0
2026-08-19 10:17:42,25.56,0.2171,0.0292,19.33,176.78,0.058,NORMAL,9,False,0
2026-08-19 10:17:42,25.6,0.2302,0.0312,19.27,179.06,0.058,NORMAL,9,False,0
2026-08-19 10:17:42,25.65,0.2177,0.0338,19.21,179.18,0.058,NORMAL,9,False,0
2026-08-19 10:17:42,25.68,0.2216,0.0297,19.15,179.39,0.057,NORMAL,9,False,0
2026-08-19 10:17:42,25.71,0.2217,0.0272,19.09,179.21,0.057,NORMAL,9,False,0
2026-08-19 10:17:42,25.81,0.2267,0.0423,19.03,176.68,0.057,NORMAL,9,False,0
2026-08-19 10:17:42,25.84,0.2221,0.0739,18.98,174.38,0.057,NORMAL,9,False,0
2026-08-19 10:17:42,25.87,0.2257,0.1502,18.92,173.64,0.057,NORMAL,9,False,0
2026-08-19 10:17:42,25.9,0.2198,0.2875,18.86,173.82,0.057,NORMAL,9,False,0
2026-08-19 10:17:42,25.93,0.2362,0.2742,18.81,172.83,0.056,NORMAL,9,False,0
2026-08-19 10:17:43,26.01,0.2418,0.3267,18.75,172.07,0.056,NORMAL,9,False,0
2026-08-19 10:17:43,26.06,0.2314,0.5074,18.69,171.52,0.056,NORMAL,9,False,0
2026-08-19 10:17:43,26.09,0.2184,0.5119,18.64,170.85,0.056,NORMAL,9,False,0
2026-08-19 10:17:43,26.11,0.2248,0.5502,18.58,170.88,0.056,NORMAL,9,False,0
2026-08-19 10:17:43,26.14,0.226,0.5423,18.53,170.63,0.056,NORMAL,9,False,0
2026-08-19 10:17:43,26.24,0.229,0.5709,18.48,170.58,0.055,NORMAL,9,False,0
2026-08-19 10:17:43,26.28,0.2183,0.6057,18.42,169.65,0.155,NORMAL,9,False,0
2026-08-19 10:17:43,26.32,0.2188,0.6079,18.37,170.24,0.155,NORMAL,9,False,0
2026-08-19 10:17:43,26.35,0.2108,0.5849,18.31,169.74,0.055,NORMAL,9,False,0
2026-08-19 10:17:43,26.4,0.2137,0.5779,18.26,170.07,0.055,NORMAL,9,False,0
2026-08-19 10:17:43,26.5,0.2174,0.5717,18.21,169.99,0.055,NORMAL,9,False,0
2026-08-19 10:17:43,26.54,0.2096,0.5809,18.16,170.45,0.054,NORMAL,9,False,0
2026-08-19 10:17:43,26.59,0.2128,0.5892,18.1,170.14,0.054,NORMAL,9,False,0
2026-08-19 10:17:43,26.62,0.2175,0.5271,18.05,169.78,0.054,NORMAL,9,False,0
2026-08-19 10:17:43,26.67,0.2088,0.5819,18.0,169.51,0.054,NORMAL,9,False,0
2026-08-19 10:17:43,26.76,0.2229,0.5384,17.95,170.38,0.054,NORMAL,9,False,0
2026-08-19 10:17:43,26.79,0.2346,0.4196,17.9,171.59,0.054,NORMAL,9,False,0
2026-08-19 10:17:43,26.82,0.2318,0.4421,17.85,171.31,0.054,NORMAL,9,False,0
2026-08-19 10:17:43,26.86,0.236,0.4374,17.8,172.72,0.053,NORMAL,9,False,0
2026-08-19 10:17:43,26.9,0.2401,0.3598,17.75,173.11,0.053,NORMAL,9,False,0
2026-08-19 10:17:44,26.99,0.2496,0.0532,17.7,172.83,0.053,NORMAL,9,False,0
2026-08-19 10:17:44,27.03,0.2414,0.0679,17.65,172.88,0.053,NORMAL,9,False,0
2026-08-19 10:17:44,27.08,0.2338,0.0627,17.6,171.34,0.053,NORMAL,9,False,0
2026-08-19 10:17:44,27.12,0.246,0.057,17.55,170.76,0.053,NORMAL,9,False,0
2026-08-19 10:17:44,27.17,0.2363,0.0371,17.5,168.11,0.052,NORMAL,9,False,0
2026-08-19 10:17:44,27.28,0.2022,0.0251,17.45,164.73,0.052,NORMAL,9,False,0
2026-08-19 10:17:44,27.33,0.2028,0.0466,17.4,163.5,0.052,NORMAL,9,False,0
2026-08-19 10:17:44,27.38,0.2045,0.051,17.36,163.4,0.052,NORMAL,9,False,0
2026-08-19 10:17:44,27.43,0.2084,0.0299,17.31,165.81,0.052,NORMAL,9,False,0
2026-08-19 10:17:44,27.47,0.2359,0.0332,17.26,166.21,0.052,NORMAL,9,False,0
2026-08-19 10:17:44,27.58,0.2688,0.0435,17.21,163.96,0.052,NORMAL,9,False,0
2026-08-19 10:17:44,27.62,0.2365,0.0302,17.17,160.4,0.051,NORMAL,9,False,0
2026-08-19 10:17:44,27.66,0.2698,0.0519,17.12,160.08,0.051,NORMAL,9,False,0
2026-08-19 10:17:44,27.71,0.2582,0.0414,17.07,159.94,0.051,NORMAL,9,False,0
2026-08-19 10:17:44,27.75,0.2733,0.0585,17.03,158.84,0.051,NORMAL,9,False,0
2026-08-19 10:17:44,27.86,0.2847,0.0466,16.98,157.59,0.051,NORMAL,9,False,0
2026-08-19 10:17:44,27.91,0.2909,0.0624,16.94,158.13,0.051,NORMAL,9,False,0
2026-08-19 10:17:44,27.95,0.2807,0.043,16.89,157.93,0.051,NORMAL,9,False,0
2026-08-19 10:17:45,27.98,0.2766,0.0417,16.84,158.94,0.051,NORMAL,9,False,0
2026-08-19 10:17:45,28.03,0.2624,0.0608,16.8,159.38,0.05,NORMAL,9,False,0
2026-08-19 10:17:45,28.16,0.3179,0.0557,16.76,160.29,0.05,NORMAL,9,False,0
2026-08-19 10:17:45,28.2,0.3161,0.0599,16.71,146.08,0.05,NORMAL,9,False,0
2026-08-19 10:17:45,28.23,0.3162,0.0618,16.67,146.45,0.061,NORMAL,9,False,0
2026-08-19 10:17:45,28.28,0.3019,0.09,16.62,145.57,0.073,NORMAL,9,False,0
2026-08-19 10:17:45,28.31,0.3029,0.081,16.58,145.3,0.083,NORMAL,9,False,0
2026-08-19 10:17:45,28.42,0.3004,0.1264,16.54,144.49,0.113,NORMAL,9,False,0
2026-08-19 10:17:45,28.45,0.2856,0.1107,16.49,158.96,0.049,NORMAL,9,False,0
2026-08-19 10:17:45,28.5,0.2846,0.1072,16.45,144.19,0.049,NORMAL,9,False,0
2026-08-19 10:17:45,28.53,0.2753,0.1019,16.41,143.71,0.058,NORMAL,9,False,0
2026-08-19 10:17:45,28.56,0.3201,0.0892,16.36,143.84,0.067,NORMAL,9,False,0
2026-08-19 10:17:45,28.66,0.2815,0.0968,16.32,144.84,0.094,NORMAL,9,False,0
2026-08-19 10:17:45,28.71,0.2875,0.0885,16.28,145.48,0.108,NORMAL,9,False,0
2026-08-19 10:17:45,28.74,0.2653,0.0743,16.24,145.15,0.117,NORMAL,9,False,0
2026-08-19 10:17:45,28.78,0.2681,0.0736,16.2,159.69,0.049,NORMAL,9,False,0
2026-08-19 10:17:45,28.83,0.2845,0.0743,16.15,159.13,0.048,NORMAL,9,False,0
2026-08-19 10:17:45,28.92,0.2935,0.0782,16.11,145.48,0.048,NORMAL,9,False,0
2026-08-19 10:17:46,28.98,0.3123,0.0768,16.07,146.16,0.063,NORMAL,9,False,0
2026-08-19 10:17:46,29.01,0.32,0.0777,16.03,146.41,0.071,NORMAL,9,False,0
2026-08-19 10:17:46,29.04,0.2942,0.0779,15.99,160.25,0.048,NORMAL,9,False,0
2026-08-19 10:17:46,29.07,0.3016,0.0735,15.95,146.69,0.048,NORMAL,9,False,0
2026-08-19 10:17:46,29.14,0.3073,0.0602,15.91,144.97,0.068,NORMAL,9,False,0
2026-08-19 10:17:46,29.17,0.322,0.0701,15.87,144.99,0.078,NORMAL,9,False,0
2026-08-19 10:17:46,29.21,0.2953,0.0611,15.83,145.12,0.087,NORMAL,9,False,0
2026-08-19 10:17:46,29.25,0.3051,0.0611,15.79,145.44,0.098,NORMAL,9,False,0
2026-08-19 10:17:46,29.27,0.3301,0.071,15.75,145.33,0.106,NORMAL,9,False,0
2026-08-19 10:17:46,29.35,0.3128,0.0706,15.71,144.47,0.126,NORMAL,9,False,0
2026-08-19 10:17:46,29.38,0.3211,0.0726,15.67,146.47,0.137,NORMAL,9,False,0
2026-08-19 10:17:46,29.43,0.2941,0.0812,15.63,145.02,0.149,NORMAL,9,False,0
2026-08-19 10:17:46,29.46,0.2835,0.0579,15.59,146.53,0.159,NORMAL,9,False,0
2026-08-19 10:17:46,29.51,0.2998,0.0703,15.56,145.52,0.172,NORMAL,9,False,0
2026-08-19 10:17:46,29.63,0.2662,0.056,15.52,146.51,0.206,NORMAL,9,False,0
2026-08-19 10:17:46,29.66,0.2847,0.0584,15.48,145.73,0.216,NORMAL,9,False,0
2026-08-19 10:17:46,29.71,0.2894,0.0611,15.44,145.94,0.229,NORMAL,9,False,0
2026-08-19 10:17:46,29.75,0.3063,0.046,15.4,158.41,0.046,NORMAL,9,False,0
2026-08-19 10:17:46,29.79,0.2973,0.0487,15.37,146.01,0.046,NORMAL,9,False,0
2026-08-19 10:17:46,29.88,0.2792,0.0417,15.33,146.32,0.073,NORMAL,9,False,0
2026-08-19 10:17:46,29.93,0.2868,0.0514,15.29,147.27,0.046,NORMAL,9,False,0
2026-08-19 10:17:46,29.96,0.2595,0.0426,15.25,158.94,0.046,NORMAL,9,False,0
2026-08-19 10:17:47,30.0,0.2352,0.0478,15.22,159.83,0.046,NORMAL,9,False,0
2026-08-19 10:17:47,30.04,0.1991,0.0505,15.18,148.37,0.046,NORMAL,9,False,0
2026-08-19 10:17:47,30.15,0.18,0.0502,15.38,149.35,0.046,NORMAL,9,False,0
2026-08-19 10:17:47,30.18,0.1824,0.0487,15.35,158.08,0.046,NORMAL,9,False,0
2026-08-19 10:17:47,30.21,0.1668,0.0282,15.55,158.4,0.047,NORMAL,9,False,0
2026-08-19 10:17:47,30.26,0.1786,0.0255,15.75,148.59,0.083,NORMAL,9,False,0
2026-08-19 10:17:47,30.3,0.1811,0.0192,15.95,150.4,0.122,NORMAL,9,False,0
2026-08-19 10:17:47,30.41,0.1597,0.0252,16.15,149.01,0.207,NORMAL,9,False,0
2026-08-19 10:17:47,30.45,0.1484,0.0282,16.35,149.37,0.237,NORMAL,9,False,0
2026-08-19 10:17:47,30.48,0.1486,0.0239,16.55,158.11,0.263,NORMAL,9,False,0
2026-08-19 10:17:47,30.52,0.1416,0.0301,16.75,149.97,0.298,NORMAL,9,False,0
2026-08-19 10:17:47,30.57,0.1424,0.0267,16.94,149.95,0.338,MILD FATIGUE,9,False,0
2026-08-19 10:17:47,30.67,0.1319,0.0184,17.14,148.91,0.421,MILD FATIGUE,9,False,0
2026-08-19 10:17:47,30.71,0.1519,0.0191,17.33,149.09,0.452,MILD FATIGUE,9,False,0
2026-08-19 10:17:47,30.77,0.1511,0.0292,17.52,149.06,0.453,MILD FATIGUE,9,False,0
2026-08-19 10:17:47,30.81,0.147,0.0298,17.72,149.06,0.453,MILD FATIGUE,9,False,0
2026-08-19 10:17:47,30.85,0.15,0.0177,17.91,149.32,0.454,MILD FATIGUE,9,False,0
2026-08-19 10:17:48,30.97,0.157,0.0343,18.1,148.22,0.454,MILD FATIGUE,9,False,0
2026-08-19 10:17:48,31.01,0.1575,0.0314,18.29,148.78,0.455,MILD FATIGUE,9,False,0
2026-08-19 10:17:48,31.06,0.1405,0.021,18.48,156.7,0.455,MILD FATIGUE,9,False,0
2026-08-19 10:17:48,31.1,0.1524,0.024,18.66,148.28,0.456,MILD FATIGUE,9,False,0
2026-08-19 10:17:48,31.15,0.1911,0.0593,18.62,145.63,0.056,NORMAL,10,False,0
2026-08-19 10:17:48,31.26,0.2013,0.1034,18.58,154.41,0.056,NORMAL,10,False,0
2026-08-19 10:17:48,31.31,0.1953,0.1012,18.54,144.51,0.056,NORMAL,10,False,0
2026-08-19 10:17:48,31.34,0.1955,0.1109,18.49,155.03,0.055,NORMAL,10,False,0
2026-08-19 10:17:48,31.37,0.1795,0.0933,18.68,156.22,0.056,NORMAL,10,False,0
2026-08-19 10:17:48,31.4,0.1949,0.1374,18.64,155.01,0.056,NORMAL,10,False,0
2026-08-19 10:17:48,31.48,0.1902,0.0988,18.59,155.68,0.056,NORMAL,10,False,0
2026-08-19 10:17:48,31.51,0.1896,0.0898,18.55,154.26,0.056,NORMAL,10,False,0
2026-08-19 10:17:48,31.54,0.1864,0.0711,18.51,154.59,0.056,NORMAL,10,False,0
2026-08-19 10:17:48,31.57,0.1793,0.0582,18.69,153.95,0.056,NORMAL,10,False,0
2026-08-19 10:17:48,31.6,0.1808,0.0605,18.88,155.2,0.081,NORMAL,10,False,0
2026-08-19 10:17:48,31.69,0.1354,0.0277,19.06,155.65,0.154,NORMAL,10,False,0
2026-08-19 10:17:48,31.73,0.1463,0.017,19.24,156.74,0.184,NORMAL,10,False,0
2026-08-19 10:17:48,31.78,0.146,0.0235,19.42,157.03,0.222,NORMAL,10,False,0
2026-08-19 10:17:48,31.81,0.1499,0.0109,19.6,157.29,0.248,NORMAL,10,False,0
2026-08-19 10:17:48,31.84,0.1267,0.017,19.78,156.58,0.274,NORMAL,10,False,0
2026-08-19 10:17:48,31.94,0.1221,0.0113,19.96,156.26,0.351,MILD FATIGUE,10,False,0
2026-08-19 10:17:49,31.98,0.1215,0.0169,20.13,154.83,0.384,MILD FATIGUE,10,False,0
2026-08-19 10:17:49,32.02,0.1288,0.0179,20.31,154.35,0.416,MILD FATIGUE,10,False,0
2026-08-19 10:17:49,32.06,0.1122,0.0196,20.48,152.54,0.451,MILD FATIGUE,10,False,0
2026-08-19 10:17:49,32.11,0.1292,0.0197,20.66,152.8,0.462,MILD FATIGUE,10,False,0
2026-08-19 10:17:49,32.2,0.1389,0.0201,20.83,153.38,0.463,MILD FATIGUE,10,False,0
2026-08-19 10:17:49,32.25,0.1375,0.0237,21.01,152.67,0.463,MILD FATIGUE,10,False,0
2026-08-19 10:17:49,32.29,0.1378,0.0322,21.18,152.17,0.464,MILD FATIGUE,10,False,0
2026-08-19 10:17:49,32.33,0.1333,0.0265,21.35,152.49,0.464,MILD FATIGUE,10,False,0
2026-08-19 10:17:49,32.37,0.0998,0.0302,21.52,153.55,0.465,MILD FATIGUE,10,False,0
2026-08-19 10:17:49,32.48,0.1387,0.021,21.69,153.16,0.465,MILD FATIGUE,10,False,0
2026-08-19 10:17:49,32.52,0.1312,0.0199,21.86,152.2,0.466,MILD FATIGUE,10,False,0
2026-08-19 10:17:49,32.55,0.14,0.0271,22.03,152.49,0.466,MILD FATIGUE,10,False,0
2026-08-19 10:17:49,32.59,0.1383,0.0309,22.2,152.87,0.467,MILD FATIGUE,10,False,0
2026-08-19 10:17:49,32.64,0.1387,0.0125,22.37,153.98,0.467,MILD FATIGUE,10,False,0
2026-08-19 10:17:49,32.75,0.1242,0.0175,22.53,153.21,0.468,MILD FATIGUE,10,False,0
2026-08-19 10:17:49,32.8,0.1271,0.0163,22.7,153.71,0.468,MILD FATIGUE,10,False,0
2026-08-19 10:17:49,32.83,0.1331,0.0162,22.86,154.42,0.469,MILD FATIGUE,10,False,0
2026-08-19 10:17:49,32.88,0.1283,0.0134,23.03,153.88,0.469,MILD FATIGUE,10,False,0
2026-08-19 10:17:49,32.92,0.134,0.0177,23.19,152.87,0.47,MILD FATIGUE,10,False,0
2026-08-19 10:17:50,33.01,0.1415,0.0123,23.35,152.72,0.47,MILD FATIGUE,10,False,0
2026-08-19 10:17:50,33.05,0.1354,0.0142,23.52,153.93,0.471,MILD FATIGUE,10,False,0
2026-08-19 10:17:50,33.1,0.1275,0.0103,23.68,154.27,0.471,MILD FATIGUE,10,False,0
2026-08-19 10:17:50,33.14,0.1193,0.0269,23.84,153.26,0.472,MILD FATIGUE,10,False,0
2026-08-19 10:17:50,33.19,0.1329,0.0293,24.0,155.45,0.472,MILD FATIGUE,10,False,0
2026-08-19 10:17:50,33.28,0.1421,0.0424,24.16,157.4,0.472,MILD FATIGUE,10,False,0
2026-08-19 10:17:50,33.33,0.1216,0.0376,24.32,154.82,0.473,MILD FATIGUE,10,False,0
2026-08-19 10:17:50,33.38,0.1256,0.0358,24.48,156.76,0.473,MILD FATIGUE,10,False,0
2026-08-19 10:17:50,33.42,0.1276,0.0367,24.63,155.89,0.474,MILD FATIGUE,10,False,0
2026-08-19 10:17:50,33.47,0.1326,0.0416,24.79,155.25,0.474,MILD FATIGUE,10,False,0
2026-08-19 10:17:50,33.56,0.1461,0.0458,24.95,154.81,0.475,MILD FATIGUE,10,False,0
2026-08-19 10:17:50,33.61,0.1992,0.0215,24.9,153.42,0.075,NORMAL,11,False,0
2026-08-19 10:17:50,33.64,0.212,0.0287,24.84,154.25,0.075,NORMAL,11,False,0
2026-08-19 10:17:50,33.69,0.1914,0.0342,24.79,154.28,0.074,NORMAL,11,False,0
2026-08-19 10:17:50,33.72,0.1939,0.0347,24.74,154.26,0.074,NORMAL,11,False,0
2026-08-19 10:17:50,33.8,0.2002,0.0283,24.69,153.75,0.074,NORMAL,11,False,0
2026-08-19 10:17:50,33.84,0.1958,0.0326,24.64,154.44,0.074,NORMAL,11,False,0
2026-08-19 10:17:50,33.89,0.1965,0.0321,24.59,155.26,0.074,NORMAL,11,False,0
2026-08-19 10:17:50,33.94,0.2047,0.0199,24.54,154.42,0.074,NORMAL,11,False,0
2026-08-19 10:17:51,33.97,0.1918,0.0267,24.49,154.75,0.073,NORMAL,11,False,0
2026-08-19 10:17:51,34.05,0.2096,0.0231,24.44,155.76,0.073,NORMAL,11,False,0
2026-08-19 10:17:51,34.09,0.1918,0.03,24.39,154.54,0.073,NORMAL,11,False,0
2026-08-19 10:17:51,34.13,0.2119,0.0326,24.34,155.58,0.073,NORMAL,11,False,0
2026-08-19 10:17:51,34.17,0.2124,0.032,24.29,155.61,0.073,NORMAL,11,False,0
2026-08-19 10:17:51,34.21,0.2103,0.0273,24.24,155.37,0.073,NORMAL,11,False,0
2026-08-19 10:17:51,34.3,0.1954,0.0725,24.19,156.92,0.073,NORMAL,11,False,0
2026-08-19 10:17:51,34.34,0.1795,0.0685,24.35,156.99,0.073,NORMAL,11,False,0
2026-08-19 10:17:51,34.38,0.1767,0.0625,24.5,157.95,0.103,NORMAL,11,False,0
2026-08-19 10:17:51,34.41,0.1911,0.0515,24.45,156.97,0.073,NORMAL,12,False,0
2026-08-19 10:17:51,34.44,0.2014,0.0499,24.4,158.56,0.073,NORMAL,12,False,0
2026-08-19 10:17:51,34.51,0.2159,0.0479,24.35,157.51,0.073,NORMAL,12,False,0
2026-08-19 10:17:51,34.55,0.26,0.0704,24.3,158.0,0.073,NORMAL,12,False,0
2026-08-19 10:17:51,34.58,0.2458,0.0404,24.25,157.74,0.073,NORMAL,12,False,0
2026-08-19 10:17:51,34.64,0.2428,0.0478,24.21,157.96,0.073,NORMAL,12,False,0
2026-08-19 10:17:51,34.67,0.2336,0.0361,24.16,157.41,0.072,NORMAL,12,False,0
2026-08-19 10:17:51,34.75,0.2367,0.0341,24.11,156.79,0.072,NORMAL,12,False,0
2026-08-19 10:17:51,34.78,0.2498,0.0304,24.06,157.45,0.072,NORMAL,12,False,0
2026-08-19 10:17:51,34.81,0.2275,0.0343,24.02,156.46,0.072,NORMAL,12,False,0
2026-08-19 10:17:51,34.86,0.2336,0.0316,23.97,157.12,0.072,NORMAL,12,False,0
2026-08-19 10:17:51,34.91,0.2146,0.0352,23.92,156.75,0.072,NORMAL,12,False,0
2026-08-19 10:17:52,34.99,0.25,0.0345,23.87,157.9,0.072,NORMAL,12,False,0
2026-08-19 10:17:52,35.03,0.2176,0.0261,23.83,155.91,0.071,NORMAL,12,False,0
2026-08-19 10:17:52,35.08,0.2606,0.0368,23.78,156.75,0.071,NORMAL,12,False,0
2026-08-19 10:17:52,35.11,0.2372,0.0353,23.74,157.29,0.071,NORMAL,12,False,0
2026-08-19 10:17:52,35.14,0.2478,0.0365,23.69,158.2,0.071,NORMAL,12,False,0
2026-08-19 10:17:52,35.21,0.2476,0.0303,23.64,158.62,0.071,NORMAL,12,False,0
2026-08-19 10:17:52,35.25,0.247,0.0369,23.6,160.68,0.071,NORMAL,12,False,0
2026-08-19 10:17:52,35.3,0.2589,0.0488,23.55,161.37,0.071,NORMAL,12,False,0
2026-08-19 10:17:52,35.33,0.2562,0.0609,23.51,159.15,0.071,NORMAL,12,False,0
2026-08-19 10:17:52,35.36,0.2454,0.0221,23.46,159.94,0.07,NORMAL,12,False,0
2026-08-19 10:17:52,35.43,0.2416,0.0371,23.42,158.95,0.07,NORMAL,12,False,0
2026-08-19 10:17:52,35.48,0.2534,0.0574,23.37,158.93,0.07,NORMAL,12,False,0
2026-08-19 10:17:52,35.52,0.2509,0.0613,23.33,157.6,0.07,NORMAL,12,False,0
2026-08-19 10:17:52,35.57,0.2508,0.0534,23.28,157.25,0.07,NORMAL,12,False,0
2026-08-19 10:17:52,35.61,0.2559,0.0454,23.24,157.26,0.07,NORMAL,12,False,0
2026-08-19 10:17:52,35.72,0.2333,0.0378,23.19,156.35,0.07,NORMAL,12,False,0
2026-08-19 10:17:52,35.76,0.2404,0.0391,23.15,156.99,0.069,NORMAL,12,False,0
2026-08-19 10:17:52,35.8,0.2446,0.0548,23.11,156.23,0.069,NORMAL,12,False,0
2026-08-19 10:17:52,35.84,0.2405,0.0306,23.06,156.92,0.069,NORMAL,12,False,0
2026-08-19 10:17:52,35.87,0.2475,0.0607,23.02,157.66,0.069,NORMAL,12,False,0
2026-08-19 10:17:52,35.94,0.1614,0.0333,23.16,157.78,0.069,NORMAL,12,False,0
2026-08-19 10:17:53,35.97,0.1537,0.029,23.31,157.89,0.098,NORMAL,12,False,0
2026-08-19 10:17:53,36.02,0.1529,0.0358,23.45,158.7,0.138,NORMAL,12,False,0
2026-08-19 10:17:53,36.07,0.1476,0.0239,23.6,159.24,0.173,NORMAL,12,False,0
2026-08-19 10:17:53,36.11,0.1458,0.0133,23.74,158.44,0.208,NORMAL,12,False,0
2026-08-19 10:17:53,36.19,0.1373,0.0243,23.88,159.17,0.271,NORMAL,12,False,0
2026-08-19 10:17:53,36.24,0.1345,0.0429,24.02,158.94,0.314,MILD FATIGUE,12,False,0
2026-08-19 10:17:53,36.28,0.1328,0.0543,24.16,158.32,0.345,MILD FATIGUE,12,False,0
2026-08-19 10:17:53,36.31,0.1271,0.0542,24.3,159.05,0.374,MILD FATIGUE,12,False,0
2026-08-19 10:17:53,36.35,0.134,0.0312,24.44,160.26,0.401,MILD FATIGUE,12,False,0
2026-08-19 10:17:53,36.47,0.1488,0.0459,24.58,163.21,0.474,MILD FATIGUE,12,False,0
2026-08-19 10:17:53,36.52,0.1468,0.0459,24.72,163.18,0.474,MILD FATIGUE,12,False,0
2026-08-19 10:17:53,36.55,0.1586,0.054,24.86,163.25,0.475,MILD FATIGUE,12,False,0
2026-08-19 10:17:53,36.6,0.1431,0.0442,25.0,164.13,0.475,MILD FATIGUE,12,False,0
2026-08-19 10:17:53,36.64,0.126,0.0442,25.14,163.67,0.475,MILD FATIGUE,12,False,0
2026-08-19 10:17:53,36.73,0.1363,0.0381,25.27,164.93,0.476,MILD FATIGUE,12,False,0
2026-08-19 10:17:53,36.77,0.1292,0.0326,25.41,163.07,0.476,MILD FATIGUE,12,False,0
2026-08-19 10:17:53,36.81,0.1456,0.0294,25.55,163.26,0.477,MILD FATIGUE,12,False,0
2026-08-19 10:17:53,36.85,0.1516,0.0308,25.68,164.62,0.477,MILD FATIGUE,12,False,0
2026-08-19 10:17:53,36.9,0.1392,0.0247,25.82,164.62,0.477,MILD FATIGUE,12,False,0
2026-08-19 10:17:54,36.98,0.1496,0.0278,25.95,166.16,0.478,MILD FATIGUE,12,False,0
2026-08-19 10:17:54,37.01,0.139,0.0307,26.09,165.7,0.478,MILD FATIGUE,12,False,0
2026-08-19 10:17:54,37.06,0.1411,0.0327,26.22,166.12,0.479,MILD FATIGUE,12,False,0
2026-08-19 10:17:54,37.1,0.1407,0.0296,26.35,165.45,0.479,MILD FATIGUE,12,False,0
2026-08-19 10:17:54,37.15,0.1219,0.0268,26.49,166.09,0.479,MILD FATIGUE,12,False,0
2026-08-19 10:17:54,37.24,0.1368,0.0355,26.62,166.41,0.48,MILD FATIGUE,12,False,0
2026-08-19 10:17:54,37.3,0.1355,0.0232,26.75,165.3,0.48,MILD FATIGUE,12,False,0
2026-08-19 10:17:54,37.34,0.155,0.0216,26.88,165.62,0.481,MILD FATIGUE,12,False,0
2026-08-19 10:17:54,37.37,0.1445,0.0133,27.01,166.61,0.481,MILD FATIGUE,12,False,0
2026-08-19 10:17:54,37.41,0.1389,0.0295,27.14,166.92,0.481,MILD FATIGUE,12,False,0
2026-08-19 10:17:54,37.49,0.1405,0.0264,27.27,166.82,0.482,MILD FATIGUE,12,False,0
2026-08-19 10:17:54,37.53,0.1454,0.0277,27.4,167.54,0.482,MILD FATIGUE,12,False,0
2026-08-19 10:17:54,37.56,0.1498,0.0198,27.53,170.27,0.483,MILD FATIGUE,12,False,0
2026-08-19 10:17:54,37.61,0.1498,0.0082,27.66,171.57,0.483,MILD FATIGUE,12,False,0
2026-08-19 10:17:54,37.65,0.1368,0.0123,27.79,168.67,0.483,MILD FATIGUE,12,False,0
2026-08-19 10:17:54,37.74,0.1572,0.0385,27.92,166.13,0.484,MILD FATIGUE,12,False,0
2026-08-19 10:17:54,37.78,0.1397,0.0573,28.04,166.11,0.484,MILD FATIGUE,12,False,0
2026-08-19 10:17:54,37.82,0.136,0.0608,28.17,166.39,0.485,MILD FATIGUE,12,False,0
2026-08-19 10:17:54,37.87,0.1422,0.0661,28.3,164.98,0.485,MILD FATIGUE,12,False,0
2026-08-19 10:17:54,37.91,0.1234,0.0705,28.42,164.66,0.485,MILD FATIGUE,12,False,0
2026-08-19 10:17:55,38.02,0.146,0.0522,28.55,164.15,0.486,MILD FATIGUE,12,False,0
2026-08-19 10:17:55,38.06,0.1652,0.0635,28.72,166.23,0.486,MILD FATIGUE,12,False,0
2026-08-19 10:17:55,38.09,0.1522,0.0646,28.9,165.79,0.487,MILD FATIGUE,12,False,0
2026-08-19 10:17:55,38.12,0.1502,0.0634,29.02,165.36,0.487,MILD FATIGUE,12,False,0
2026-08-19 10:17:55,38.15,0.1598,0.0573,29.2,166.86,0.488,MILD FATIGUE,12,False,0
2026-08-19 10:17:55,38.22,0.153,0.0727,29.42,166.0,0.488,MILD FATIGUE,12,False,0
2026-08-19 10:17:55,38.26,0.1523,0.0721,29.55,165.44,0.489,MILD FATIGUE,12,False,0
2026-08-19 10:17:55,38.29,0.155,0.0675,29.67,166.92,0.489,MILD FATIGUE,12,False,0
2026-08-19 10:17:55,38.33,0.1767,0.0764,29.79,166.35,0.489,MILD FATIGUE,12,False,0
2026-08-19 10:17:55,38.37,0.2106,0.0464,29.79,168.14,0.089,NORMAL,13,False,0
2026-08-19 10:17:55,38.45,0.2388,0.0486,29.84,170.42,0.09,NORMAL,13,False,0
2026-08-19 10:17:55,38.5,0.2399,0.0564,29.9,170.85,0.09,NORMAL,13,False,0
2026-08-19 10:17:55,38.54,0.2439,0.0721,29.84,171.9,0.09,NORMAL,13,False,0
2026-08-19 10:17:55,38.58,0.2474,0.0734,29.79,171.24,0.089,NORMAL,13,False,0
2026-08-19 10:17:55,38.64,0.2542,0.0946,29.79,169.39,0.089,NORMAL,13,False,0
2026-08-19 10:17:55,38.75,0.2616,0.0847,29.84,169.18,0.09,NORMAL,13,False,0
2026-08-19 10:17:55,38.79,0.2537,0.109,29.84,169.8,0.09,NORMAL,13,False,0
2026-08-19 10:17:55,38.84,0.2657,0.0736,29.84,169.43,0.09,NORMAL,13,False,0
2026-08-19 10:17:55,38.89,0.2587,0.0968,29.79,166.93,0.089,NORMAL,13,False,0
2026-08-19 10:17:55,38.93,0.2416,0.0955,29.79,166.48,0.089,NORMAL,13,False,0
2026-08-19 10:17:56,39.01,0.2558,0.0772,29.84,167.42,0.09,NORMAL,13,False,0
2026-08-19 10:17:56,39.06,0.2454,0.0761,29.84,167.02,0.09,NORMAL,13,False,0
2026-08-19 10:17:56,39.11,0.1771,0.0988,30.02,167.37,0.09,NORMAL,13,False,0
2026-08-19 10:17:56,39.14,0.2774,0.0595,29.97,174.55,0.09,NORMAL,13,False,0
2026-08-19 10:17:56,39.19,0.2588,0.0665,29.91,175.38,0.09,NORMAL,13,False,0
2026-08-19 10:17:56,39.28,0.2334,0.0831,29.97,178.39,0.09,NORMAL,13,False,0
2026-08-19 10:17:56,39.33,0.2194,0.0976,30.02,-179.16,0.09,NORMAL,13,False,0
2026-08-19 10:17:56,39.36,0.2653,0.0341,30.02,-167.87,0.099,NORMAL,13,False,0
2026-08-19 10:17:56,39.4,0.2469,0.0648,29.97,-165.53,0.112,NORMAL,13,False,0
2026-08-19 10:17:56,39.46,0.2611,0.043,29.97,-175.0,0.127,NORMAL,13,False,0
2026-08-19 10:17:56,39.55,0.2397,0.0595,30.02,179.51,0.09,NORMAL,13,False,0
2026-08-19 10:17:56,39.6,0.2008,0.0374,30.02,179.05,0.09,NORMAL,13,False,0
2026-08-19 10:17:56,39.64,0.1785,0.1383,30.19,175.82,0.091,NORMAL,13,False,0
2026-08-19 10:17:56,39.69,0.2131,0.1614,30.14,-168.71,0.09,NORMAL,13,False,0
2026-08-19 10:17:56,39.73,0.2172,0.1591,30.09,175.6,0.09,NORMAL,13,False,0
2026-08-19 10:17:56,39.81,0,0,0,0,0,NORMAL,13,False,0
2026-08-19 10:17:56,39.85,0.1693,0.0346,30.37,-167.18,0.091,NORMAL,13,False,0
2026-08-19 10:17:56,39.88,0.175,0.0863,30.54,-166.54,0.126,NORMAL,13,False,0
2026-08-19 10:17:56,39.91,0.1873,0.0602,30.49,-158.42,0.11,NORMAL,14,False,0
2026-08-19 10:17:56,39.96,0.1825,0.0682,30.49,-161.77,0.122,NORMAL,14,False,0
2026-08-19 10:17:57,40.06,0.0683,0.0674,30.61,-151.24,0.152,NORMAL,14,False,0
2026-08-19 10:17:57,40.1,0.0823,0.0539,30.73,-156.87,0.196,NORMAL,14,False,0
2026-08-19 10:17:57,40.14,0,0,0,0,0,NORMAL,14,False,0
2026-08-19 10:17:57,40.18,0,0,0,0,0,NORMAL,14,False,0
2026-08-19 10:17:57,40.22,0,0,0,0,0,NORMAL,14,False,0
2026-08-19 10:17:57,40.26,0,0,0,0,0,NORMAL,14,False,0
2026-08-19 10:17:57,40.3,0,0,0,0,0,NORMAL,14,False,0
2026-08-19 10:17:57,40.33,0,0,0,0,0,NORMAL,14,False,0
2026-08-19 10:17:57,40.37,0,0,0,0,0,NORMAL,14,False,0
2026-08-19 10:17:57,40.41,0,0,0,0,0,NORMAL,14,False,0
2026-08-19 10:17:57,40.44,0,0,0,0,0,NORMAL,14,False,0
2026-08-19 10:17:57,40.48,0,0,0,0,0,NORMAL,14,False,0
2026-08-19 10:17:57,40.52,0,0,0,0,0,NORMAL,14,False,0
2026-08-19 10:17:57,40.55,0,0,0,0,0,NORMAL,14,False,0
2026-08-19 10:17:57,40.59,0,0,0,0,0,NORMAL,14,False,0
2026-08-19 10:17:57,40.62,0,0,0,0,0,NORMAL,14,False,0
2026-08-19 10:17:57,40.66,0,0,0,0,0,NORMAL,14,False,0
2026-08-19 10:17:57,40.69,0,0,0,0,0,NORMAL,14,False,0
2026-08-19 10:17:57,40.72,0,0,0,0,0,NORMAL,14,False,0
2026-08-19 10:17:57,40.77,0,0,0,0,0,NORMAL,14,False,0
2026-08-19 10:17:57,40.81,0,0,0,0,0,NORMAL,14,False,0
2026-08-19 10:17:57,40.85,0,0,0,0,0,NORMAL,14,False,0
2026-08-19 10:17:57,40.89,0,0,0,0,0,NORMAL,14,False,0
2026-08-19 10:17:57,40.92,0,0,0,0,0,NORMAL,14,False,0
2026-08-19 10:17:57,40.97,0,0,0,0,0,NORMAL,14,False,0
2026-08-19 10:17:58,41.0,0,0,0,0,0,NORMAL,14,False,0
2026-08-19 10:17:58,41.03,0,0,0,0,0,NORMAL,14,False,0
2026-08-19 10:17:58,41.06,0,0,0,0,0,NORMAL,14,False,0
2026-08-19 10:17:58,41.1,0,0,0,0,0,NORMAL,14,False,0
2026-08-19 10:17:58,41.14,0,0,0,0,0,NORMAL,14,False,0
2026-08-19 10:17:58,41.19,0,0,0,0,0,NORMAL,14,False,0
2026-08-19 10:17:58,41.22,0,0,0,0,0,NORMAL,14,False,0
2026-08-19 10:17:58,41.27,0,0,0,0,0,NORMAL,14,False,0
2026-08-19 10:17:58,41.3,0,0,0,0,0,NORMAL,14,False,0
2026-08-19 10:17:58,41.33,0,0,0,0,0,NORMAL,14,False,0
2026-08-19 10:17:58,41.37,0,0,0,0,0,NORMAL,14,False,0
2026-08-19 10:17:58,41.41,0,0,0,0,0,NORMAL,14,False,0
2026-08-19 10:17:58,41.45,0,0,0,0,0,NORMAL,14,False,0
2026-08-19 10:17:58,41.49,0,0,0,0,0,NORMAL,14,False,0
2026-08-19 10:17:58,41.53,0,0,0,0,0,NORMAL,14,False,0
2026-08-19 10:17:58,41.56,0,0,0,0,0,NORMAL,14,False,0
2026-08-19 10:17:58,41.61,0,0,0,0,0,NORMAL,14,False,0
2026-08-19 10:17:58,41.66,0,0,0,0,0,NORMAL,14,False,0
2026-08-19 10:17:58,41.71,0,0,0,0,0,NORMAL,14,False,0
2026-08-19 10:17:58,41.75,0,0,0,0,0,NORMAL,14,False,0
2026-08-19 10:17:58,41.8,0,0,0,0,0,NORMAL,14,False,0
2026-08-19 10:17:58,41.84,0,0,0,0,0,NORMAL,14,False,0
2026-08-19 10:17:58,41.88,0,0,0,0,0,NORMAL,14,False,0
2026-08-19 10:17:59,41.97,0,0,0,0,0,NORMAL,14,False,0
2026-08-19 10:17:59,42.01,0,0,0,0,0,NORMAL,14,False,0
2026-08-19 10:17:59,42.06,0,0,0,0,0,NORMAL,14,False,0
2026-08-19 10:17:59,42.1,0,0,0,0,0,NORMAL,14,False,0
2026-08-19 10:17:59,42.16,0,0,0,0,0,NORMAL,14,False,0
2026-08-19 10:17:59,42.2,0,0,0,0,0,NORMAL,14,False,0
2026-08-19 10:17:59,42.25,0,0,0,0,0,NORMAL,14,False,0
2026-08-19 10:17:59,42.29,0,0,0,0,0,NORMAL,14,False,0
2026-08-19 10:17:59,42.34,0,0,0,0,0,NORMAL,14,False,0
2026-08-19 10:17:59,42.38,0,0,0,0,0,NORMAL,14,False,0
2026-08-19 10:17:59,42.41,0,0,0,0,0,NORMAL,14,False,0
2026-08-19 10:17:59,42.46,0,0,0,0,0,NORMAL,14,False,0
2026-08-19 10:17:59,42.49,0,0,0,0,0,NORMAL,14,False,0
2026-08-19 10:17:59,42.54,0,0,0,0,0,NORMAL,14,False,0
2026-08-19 10:17:59,42.58,0,0,0,0,0,NORMAL,14,False,0
2026-08-19 10:17:59,42.62,0,0,0,0,0,NORMAL,14,False,0
2026-08-19 10:17:59,42.68,0,0,0,0,0,NORMAL,14,False,0
2026-08-19 10:17:59,42.72,0,0,0,0,0,NORMAL,14,False,0
2026-08-19 10:17:59,42.77,0,0,0,0,0,NORMAL,14,False,0
2026-08-19 10:17:59,42.82,0.1137,0.1725,33.78,-156.35,0.701,DROWSY,14,False,0
2026-08-19 10:17:59,42.87,0,0,0,0,0,NORMAL,14,False,0
2026-08-19 10:17:59,42.91,0,0,0,0,0,NORMAL,14,False,0
2026-08-19 10:17:59,42.96,0,0,0,0,0,NORMAL,14,False,0
2026-08-19 10:18:00,43.0,0,0,0,0,0,NORMAL,14,False,0
2026-08-19 10:18:00,43.05,0,0,0,0,0,NORMAL,14,False,0
2026-08-19 10:18:00,43.1,0,0,0,0,0,NORMAL,14,False,0
2026-08-19 10:18:00,43.14,0,0,0,0,0,NORMAL,14,False,0
2026-08-19 10:18:00,43.18,0,0,0,0,0,NORMAL,14,False,0
2026-08-19 10:18:00,43.22,0,0,0,0,0,NORMAL,14,False,0
2026-08-19 10:18:00,43.26,0,0,0,0,0,NORMAL,14,False,0
2026-08-19 10:18:00,43.3,0,0,0,0,0,NORMAL,14,False,0
2026-08-19 10:18:00,43.34,0,0,0,0,0,NORMAL,14,False,0
2026-08-19 10:18:00,43.37,0,0,0,0,0,NORMAL,14,False,0
2026-08-19 10:18:00,43.41,0,0,0,0,0,NORMAL,14,False,0
2026-08-19 10:18:00,43.46,0,0,0,0,0,NORMAL,14,False,0
2026-08-19 10:18:00,43.5,0,0,0,0,0,NORMAL,14,False,0
2026-08-19 10:18:00,43.54,0,0,0,0,0,NORMAL,14,False,0
2026-08-19 10:18:00,43.58,0,0,0,0,0,NORMAL,14,False,0
2026-08-19 10:18:00,43.63,0,0,0,0,0,NORMAL,14,False,0
2026-08-19 10:18:00,43.68,0,0,0,0,0,NORMAL,14,False,0
2026-08-19 10:18:00,43.72,0,0,0,0,0,NORMAL,14,False,0
2026-08-19 10:18:00,43.78,0,0,0,0,0,NORMAL,14,False,0
2026-08-19 10:18:00,43.81,0,0,0,0,0,NORMAL,14,False,0
2026-08-19 10:18:00,43.85,0,0,0,0,0,NORMAL,14,False,0
2026-08-19 10:18:00,43.89,0,0,0,0,0,NORMAL,14,False,0
2026-08-19 10:18:00,43.93,0,0,0,0,0,NORMAL,14,False,0
2026-08-19 10:18:01,43.97,0,0,0,0,0,NORMAL,14,False,0
2026-08-19 10:18:01,44.02,0,0,0,0,0,NORMAL,14,False,0
2026-08-19 10:18:01,44.06,0,0,0,0,0,NORMAL,14,False,0
2026-08-19 10:18:01,44.1,0.1408,0.1117,34.92,-177.5,0.705,DROWSY,14,False,0
2026-08-19 10:18:01,44.13,0,0,0,0,0,NORMAL,14,False,0
2026-08-19 10:18:01,44.17,0,0,0,0,0,NORMAL,14,False,0
2026-08-19 10:18:01,44.21,0,0,0,0,0,NORMAL,14,False,0
2026-08-19 10:18:01,44.24,0,0,0,0,0,NORMAL,14,False,0
2026-08-19 10:18:01,44.29,0.073,0.1442,35.26,175.39,0.506,DROWSY,14,False,0
2026-08-19 10:18:01,44.33,0.1305,0.1044,35.46,-177.8,0.506,DROWSY,14,False,0
2026-08-19 10:18:01,44.36,0.1805,0.0676,35.66,-172.65,0.517,DROWSY,14,False,0
2026-08-19 10:18:01,44.46,0.1828,0.0659,35.66,-171.57,0.143,NORMAL,15,False,0
2026-08-19 10:18:01,44.49,0.187,0.0593,35.66,-171.81,0.154,NORMAL,15,False,0
2026-08-19 10:18:01,44.54,0.216,0.0499,35.66,148.19,0.107,NORMAL,15,False,0
2026-08-19 10:18:01,44.59,0.1717,0.0301,35.86,147.88,0.108,NORMAL,15,False,0
2026-08-19 10:18:01,44.64,0.177,0.0324,36.13,147.11,0.149,NORMAL,15,False,0
2026-08-19 10:18:01,44.75,0,0,0,0,0,NORMAL,15,False,0
2026-08-19 10:18:01,44.79,0.2787,0.0655,36.2,-96.99,0.109,NORMAL,16,False,0
2026-08-19 10:18:01,44.83,0,0,0,0,0,NORMAL,16,False,0
2026-08-19 10:18:01,44.87,0.1389,0.1488,36.27,-96.6,0.132,NORMAL,16,False,0
2026-08-19 10:18:01,44.9,0,0,0,0,0,NORMAL,16,False,0
2026-08-19 10:18:01,44.95,0,0,0,0,0,NORMAL,16,False,0
2026-08-19 10:18:02,44.99,0,0,0,0,0,NORMAL,16,False,0
2026-08-19 10:18:02,45.04,0,0,0,0,0,NORMAL,16,False,0
2026-08-19 10:18:02,45.08,0,0,0,0,0,NORMAL,16,False,0
2026-08-19 10:18:02,45.13,0,0,0,0,0,NORMAL,16,False,0
2026-08-19 10:18:02,45.17,0,0,0,0,0,NORMAL,16,False,0
2026-08-19 10:18:02,45.21,0.4188,0.1145,36.44,-168.16,0.23,NORMAL,16,False,0
2026-08-19 10:18:02,45.24,0.322,0.1201,36.44,179.62,0.109,NORMAL,16,False,0
2026-08-19 10:18:02,45.28,0,0,0,0,0,NORMAL,16,False,0
2026-08-19 10:18:02,45.32,0.3541,0.0482,36.51,-169.31,0.11,NORMAL,16,False,0
2026-08-19 10:18:02,45.43,0,0,0,0,0,NORMAL,16,False,0
2026-08-19 10:18:02,45.47,0,0,0,0,0,NORMAL,16,False,0
2026-08-19 10:18:02,45.51,0.3654,0.0277,36.66,179.18,0.11,NORMAL,16,False,0
2026-08-19 10:18:02,45.54,0.3506,0.0547,36.66,135.62,0.11,NORMAL,16,False,0
2026-08-19 10:18:02,45.59,0.3796,0.0764,36.66,135.26,0.124,NORMAL,16,False,0
2026-08-19 10:18:02,45.69,0,0,0,0,0,NORMAL,16,False,0
2026-08-19 10:18:02,45.72,0,0,0,0,0,NORMAL,16,False,0
2026-08-19 10:18:02,45.75,0,0,0,0,0,NORMAL,16,False,0
2026-08-19 10:18:02,45.8,0.0546,0.0335,37.17,156.48,0.111,NORMAL,16,False,0
2026-08-19 10:18:02,45.84,0.0296,0.0297,37.37,151.35,0.141,NORMAL,16,False,0
2026-08-19 10:18:02,45.92,0.0934,0.1886,37.58,171.1,0.211,NORMAL,16,False,0
2026-08-19 10:18:03,45.97,0.1062,0.2846,37.78,174.1,0.249,NORMAL,16,False,0
2026-08-19 10:18:03,46.01,0,0,0,0,0,NORMAL,16,False,0
2026-08-19 10:18:03,46.06,0.0495,0.0508,37.99,151.41,0.32,MILD FATIGUE,16,False,0
2026-08-19 10:18:03,46.11,0.1717,0.0352,38.27,158.37,0.365,MILD FATIGUE,16,False,0
2026-08-19 10:18:03,46.23,0.1512,0.0889,38.48,154.83,0.456,MILD FATIGUE,16,False,0
2026-08-19 10:18:03,46.27,0.2435,0.0262,38.4,163.57,0.115,NORMAL,17,False,0
2026-08-19 10:18:03,46.32,0.1869,0.0229,38.48,161.92,0.115,NORMAL,17,False,0
2026-08-19 10:18:03,46.36,0.216,0.0212,38.48,162.64,0.115,NORMAL,17,False,0
2026-08-19 10:18:03,46.4,0.2498,0.0174,38.48,163.17,0.115,NORMAL,17,False,0
2026-08-19 10:18:03,46.5,0.1525,0.0804,38.68,161.49,0.116,NORMAL,17,False,0
2026-08-19 10:18:03,46.54,0.1876,0.0431,38.68,163.38,0.116,NORMAL,17,False,0
2026-08-19 10:18:03,46.58,0.2099,0.0531,38.68,162.29,0.116,NORMAL,17,False,0
2026-08-19 10:18:03,46.63,0.2144,0.0408,38.68,162.36,0.116,NORMAL,17,False,0
2026-08-19 10:18:03,46.66,0.2163,0.0395,38.68,162.49,0.116,NORMAL,17,False,0
2026-08-19 10:18:03,46.79,0.0915,0.0934,38.97,167.55,0.117,NORMAL,17,False,0
2026-08-19 10:18:03,46.84,0.0435,0.1197,39.18,165.86,0.153,NORMAL,17,False,0
2026-08-19 10:18:03,46.88,0,0,0,0,0,NORMAL,17,False,0
2026-08-19 10:18:03,46.93,0,0,0,0,0,NORMAL,17,False,0
2026-08-19 10:18:03,46.96,0,0,0,0,0,NORMAL,17,False,0
2026-08-19 10:18:04,46.99,0,0,0,0,0,NORMAL,17,False,0
2026-08-19 10:18:04,47.03,0,0,0,0,0,NORMAL,17,False,0
2026-08-19 10:18:04,47.08,0.0988,0.0982,39.63,162.63,0.347,MILD FATIGUE,17,False,0
2026-08-19 10:18:04,47.12,0,0,0,0,0,NORMAL,17,False,0
2026-08-19 10:18:04,47.16,0,0,0,0,0,NORMAL,17,False,0
2026-08-19 10:18:04,47.21,0,0,0,0,0,NORMAL,17,False,0
2026-08-19 10:18:04,47.24,0,0,0,0,0,NORMAL,17,False,0
2026-08-19 10:18:04,47.28,0.0763,0.1568,40.08,171.17,0.51,DROWSY,17,False,0
2026-08-19 10:18:04,47.32,0,0,0,0,0,NORMAL,17,False,0
2026-08-19 10:18:04,47.36,0,0,0,0,0,NORMAL,17,False,0
2026-08-19 10:18:04,47.4,0.1206,0.1575,40.46,175.7,0.521,DROWSY,17,False,0
2026-08-19 10:18:04,47.45,0.1483,0.0364,40.67,-178.61,0.522,DROWSY,17,False,0
2026-08-19 10:18:04,47.49,0,0,0,0,0,NORMAL,17,False,0
2026-08-19 10:18:04,47.53,0.1861,0.1075,40.67,173.99,0.122,NORMAL,18,False,0
2026-08-19 10:18:04,47.57,0.1834,0.0485,40.59,167.79,0.122,NORMAL,18,False,0
2026-08-19 10:18:04,47.68,0.1912,0.0562,40.76,165.49,0.122,NORMAL,18,False,0
2026-08-19 10:18:04,47.72,0.1317,0.0314,41.05,163.28,0.123,NORMAL,18,False,0
2026-08-19 10:18:04,47.76,0.1527,0.0415,41.18,165.5,0.155,NORMAL,18,False,0
2026-08-19 10:18:04,47.8,0.1525,0.0263,41.3,161.46,0.189,NORMAL,18,False,0
2026-08-19 10:18:04,47.84,0.1877,0.0249,41.3,161.99,0.124,NORMAL,19,False,0
2026-08-19 10:18:04,47.92,0.159,0.0303,41.6,160.13,0.125,NORMAL,19,False,0
2026-08-19 10:18:05,47.97,0.135,0.0326,41.81,160.3,0.164,NORMAL,19,False,0
2026-08-19 10:18:05,48.01,0.1657,0.0191,42.02,162.42,0.197,NORMAL,19,False,0
2026-08-19 10:18:05,48.04,0.1424,0.0239,42.14,163.87,0.223,NORMAL,19,False,0
2026-08-19 10:18:05,48.07,0.156,0.0142,42.35,166.25,0.249,NORMAL,19,False,0
2026-08-19 10:18:05,48.18,0.1792,0.0277,42.65,163.82,0.334,MILD FATIGUE,19,False,0
2026-08-19 10:18:05,48.23,0.1772,0.0764,42.95,163.09,0.374,MILD FATIGUE,19,False,0
2026-08-19 10:18:05,48.27,0.2075,0.0418,42.86,163.35,0.129,NORMAL,20,False,0
2026-08-19 10:18:05,48.3,0.2375,0.0485,42.77,162.69,0.128,NORMAL,20,False,0
2026-08-19 10:18:05,48.35,0.2258,0.0671,42.86,164.4,0.129,NORMAL,20,False,0
2026-08-19 10:18:05,48.45,0.2193,0.0505,42.95,164.88,0.129,NORMAL,20,False,0
2026-08-19 10:18:05,48.5,0.2243,0.036,42.95,166.28,0.129,NORMAL,20,False,0
2026-08-19 10:18:05,48.54,0.2057,0.0581,42.86,164.9,0.129,NORMAL,20,False,0
2026-08-19 10:18:05,48.59,0.228,0.0488,42.86,165.97,0.129,NORMAL,20,False,0
2026-08-19 10:18:05,48.63,0.2303,0.0308,42.86,143.78,0.129,NORMAL,20,False,0
2026-08-19 10:18:05,48.72,0.2073,0.0419,42.95,141.29,0.154,NORMAL,20,False,0
2026-08-19 10:18:05,48.76,0.2128,0.054,42.95,140.71,0.165,NORMAL,20,False,0
2026-08-19 10:18:05,48.81,0.2958,0.0349,42.86,145.31,0.178,NORMAL,20,False,0
2026-08-19 10:18:05,48.84,0.2549,0.0158,42.86,144.6,0.188,NORMAL,20,False,0
2026-08-19 10:18:05,48.89,0.2782,0.0287,42.86,158.8,0.129,NORMAL,20,False,0
2026-08-19 10:18:06,48.98,0.2774,0.0262,42.95,145.91,0.129,NORMAL,20,False,0
2026-08-19 10:18:06,49.03,0.3111,0.0262,42.95,150.45,0.129,NORMAL,20,False,0
2026-08-19 10:18:06,49.06,0.2892,0.0174,42.86,170.58,0.129,NORMAL,20,False,0
2026-08-19 10:18:06,49.11,0.2692,0.0118,42.86,150.72,0.129,NORMAL,20,False,0
2026-08-19 10:18:06,49.14,0.274,0.0131,42.86,152.53,0.129,NORMAL,20,False,0
2026-08-19 10:18:06,49.24,0.2992,0.0174,42.95,151.65,0.129,NORMAL,20,False,0
2026-08-19 10:18:06,49.28,0.2551,0.02,42.95,150.07,0.129,NORMAL,20,False,0
2026-08-19 10:18:06,49.33,0.2555,0.0306,42.86,146.69,0.129,NORMAL,20,False,0
2026-08-19 10:18:06,49.36,0.2628,0.0432,42.77,149.22,0.128,NORMAL,20,False,0
2026-08-19 10:18:06,49.39,0.2322,0.0292,42.77,148.68,0.128,NORMAL,20,False,0
2026-08-19 10:18:06,49.47,0.3093,0.0328,42.86,155.37,0.129,NORMAL,20,False,0
2026-08-19 10:18:06,49.52,0.2937,0.0172,42.86,167.39,0.129,NORMAL,20,False,0
2026-08-19 10:18:06,49.56,0.2949,0.0374,42.86,164.29,0.129,NORMAL,20,False,0
2026-08-19 10:18:06,49.61,0.2779,0.0142,42.77,153.68,0.128,NORMAL,20,False,0
2026-08-19 10:18:06,49.65,0.2776,0.0116,42.86,152.87,0.129,NORMAL,20,False,0
2026-08-19 10:18:06,49.75,0.2642,0.0168,42.53,153.07,0.128,NORMAL,20,False,0
2026-08-19 10:18:06,49.8,0.2662,0.0397,42.32,150.88,0.127,NORMAL,20,False,0
2026-08-19 10:18:06,49.84,0.2241,0.0258,42.23,149.87,0.127,NORMAL,20,False,0
2026-08-19 10:18:06,49.87,0.2047,0.025,42.14,148.46,0.126,NORMAL,20,False,0
2026-08-19 10:18:06,49.91,0.2041,0.0448,41.93,149.41,0.126,NORMAL,20,False,0
2026-08-19 10:18:07,50.02,0.2338,0.0494,41.47,151.38,0.124,NORMAL,20,False,0
2026-08-19 10:18:07,50.06,0.2257,0.0261,41.26,152.32,0.124,NORMAL,20,False,0
2026-08-19 10:18:07,50.11,0.2062,0.0347,41.18,150.41,0.124,NORMAL,20,False,0
2026-08-19 10:18:07,50.14,0.1902,0.0421,40.97,149.51,0.123,NORMAL,20,False,0
2026-08-19 10:18:07,50.19,0.2027,0.0348,40.76,150.34,0.122,NORMAL,20,False,0
2026-08-19 10:18:07,50.27,0.2044,0.0451,40.42,148.97,0.121,NORMAL,20,False,0
2026-08-19 10:18:07,50.31,0.1724,0.0459,40.55,150.47,0.122,NORMAL,20,False,0
2026-08-19 10:18:07,50.34,0.1697,0.0354,40.55,150.72,0.148,NORMAL,20,False,0
2026-08-19 10:18:07,50.37,0.219,0.048,40.46,152.25,0.121,NORMAL,21,False,0
2026-08-19 10:18:07,50.41,0.2246,0.0242,40.38,158.33,0.121,NORMAL,21,False,0
2026-08-19 10:18:07,50.49,0.2371,0.0407,40.04,158.36,0.12,NORMAL,21,False,0
2026-08-19 10:18:07,50.53,0.2421,0.0284,40.04,158.8,0.12,NORMAL,21,False,0
2026-08-19 10:18:07,50.56,0.2297,0.0293,39.96,158.24,0.12,NORMAL,21,False,0
2026-08-19 10:18:07,50.59,0.2327,0.028,39.75,157.09,0.119,NORMAL,21,False,0
2026-08-19 10:18:07,50.63,0.2393,0.0447,39.54,152.06,0.119,NORMAL,21,False,0
2026-08-19 10:18:07,50.71,0.2184,0.0638,39.46,156.47,0.118,NORMAL,21,False,0
2026-08-19 10:18:07,50.76,0.2409,0.0434,39.25,157.94,0.118,NORMAL,21,False,0
2026-08-19 10:18:07,50.8,0.2407,0.0386,39.25,158.22,0.118,NORMAL,21,False,0
2026-08-19 10:18:07,50.84,0.2345,0.0272,39.25,159.69,0.118,NORMAL,21,False,0
2026-08-19 10:18:07,50.88,0.239,0.0542,39.17,161.03,0.117,NORMAL,21,False,0
2026-08-19 10:18:07,50.96,0.2887,0.0432,38.83,163.91,0.116,NORMAL,21,False,0
2026-08-19 10:18:08,51.0,0.28,0.0482,38.75,164.54,0.116,NORMAL,21,False,0
2026-08-19 10:18:08,51.03,0.2568,0.0438,38.67,163.78,0.116,NORMAL,21,False,0
2026-08-19 10:18:08,51.08,0.2717,0.0441,38.46,160.96,0.115,NORMAL,21,False,0
2026-08-19 10:18:08,51.13,0.2569,0.0314,38.25,161.4,0.115,NORMAL,21,False,0
2026-08-19 10:18:08,51.26,0.2665,0.0204,38.2,162.48,0.115,NORMAL,21,False,0
2026-08-19 10:18:08,51.3,0.2619,0.0118,38.12,161.38,0.114,NORMAL,21,False,0
2026-08-19 10:18:08,51.35,0.2626,0.0132,38.2,160.64,0.115,NORMAL,21,False,0
2026-08-19 10:18:08,51.39,0.2517,0.0236,38.0,159.98,0.114,NORMAL,21,False,0
2026-08-19 10:18:08,51.44,0.2786,0.0258,38.0,163.52,0.114,NORMAL,21,False,0
2026-08-19 10:18:08,51.54,0.2726,0.029,37.79,162.01,0.113,NORMAL,21,False,0
2026-08-19 10:18:08,51.59,0.263,0.0511,37.58,161.28,0.113,NORMAL,21,False,0
2026-08-19 10:18:08,51.63,0.2648,0.0223,37.37,163.59,0.112,NORMAL,21,False,0
2026-08-19 10:18:08,51.68,0.2379,0.021,37.16,160.47,0.111,NORMAL,21,False,0
2026-08-19 10:18:08,51.71,0.2582,0.0324,36.95,159.98,0.111,NORMAL,21,False,0
2026-08-19 10:18:08,51.78,0.2657,0.0348,36.74,159.95,0.11,NORMAL,21,False,0
2026-08-19 10:18:08,51.82,0.2532,0.0353,36.67,159.3,0.11,NORMAL,21,False,0
2026-08-19 10:18:08,51.87,0.258,0.0201,36.33,160.27,0.109,NORMAL,21,False,0
2026-08-19 10:18:08,51.92,0.2819,0.0199,36.12,160.78,0.108,NORMAL,21,False,0
2026-08-19 10:18:08,51.94,0.2784,0.0193,35.91,161.31,0.108,NORMAL,21,False,0
2026-08-19 10:18:09,52.02,0.2165,0.0221,35.7,163.8,0.107,NORMAL,21,False,0
2026-08-19 10:18:09,52.06,0.2119,0.0199,35.62,164.57,0.107,NORMAL,21,False,0
2026-08-19 10:18:09,52.09,0.2041,0.0151,35.42,167.85,0.106,NORMAL,21,False,0
2026-08-19 10:18:09,52.13,0.1837,0.0118,35.34,163.79,0.106,NORMAL,21,False,0
2026-08-19 10:18:09,52.17,0.224,0.0069,35.14,164.17,0.105,NORMAL,21,False,0
2026-08-19 10:18:09,52.26,0.2104,0.0054,34.79,165.84,0.104,NORMAL,21,False,0
2026-08-19 10:18:09,52.29,0.219,0.0068,34.58,162.81,0.104,NORMAL,21,False,0
2026-08-19 10:18:09,52.34,0.2153,0.0054,34.51,163.58,0.104,NORMAL,21,False,0
2026-08-19 10:18:09,52.37,0.2173,0.014,34.44,163.33,0.103,NORMAL,21,False,0
2026-08-19 10:18:09,52.4,0.2262,0.0171,34.37,162.94,0.103,NORMAL,21,False,0
2026-08-19 10:18:09,52.48,0.2236,0.014,34.02,164.57,0.102,NORMAL,21,False,0
2026-08-19 10:18:09,52.51,0.2262,0.0073,33.82,163.86,0.101,NORMAL,21,False,0
2026-08-19 10:18:09,52.56,0.2376,0.0108,33.61,166.03,0.101,NORMAL,21,False,0
2026-08-19 10:18:09,52.59,0.2285,0.0121,33.4,163.93,0.1,NORMAL,21,False,0
2026-08-19 10:18:09,52.62,0.2306,0.0049,33.33,164.84,0.1,NORMAL,21,False,0
2026-08-19 10:18:09,52.7,0.2324,0.0061,33.13,165.35,0.099,NORMAL,21,False,0
2026-08-19 10:18:09,52.74,0.2172,0.0051,33.13,165.94,0.099,NORMAL,21,False,0
2026-08-19 10:18:09,52.77,0.2307,0.0087,33.13,164.15,0.099,NORMAL,21,False,0
2026-08-19 10:18:09,52.81,0.2306,0.0073,33.13,164.99,0.099,NORMAL,21,False,0
2026-08-19 10:18:09,52.86,0.2275,0.0025,33.13,164.5,0.099,NORMAL,21,False,0
2026-08-19 10:18:09,52.96,0.1718,0.0204,33.33,168.81,0.1,NORMAL,21,False,0
2026-08-19 10:18:10,53.0,0.1885,0.0098,33.33,166.54,0.1,NORMAL,21,False,0
2026-08-19 10:18:10,53.05,0.158,0.0325,33.61,166.87,0.101,NORMAL,21,False,0
2026-08-19 10:18:10,53.09,0.1646,0.0459,33.82,167.72,0.137,NORMAL,21,False,0
2026-08-19 10:18:10,53.14,0.1768,0.0232,33.95,168.89,0.174,NORMAL,21,False,0
2026-08-19 10:18:10,53.22,0.1904,0.0248,34.02,169.26,0.102,NORMAL,22,False,0
2026-08-19 10:18:10,53.26,0.1777,0.033,34.16,170.27,0.102,NORMAL,22,False,0
2026-08-19 10:18:10,53.31,0.1849,0.0318,34.16,176.83,0.102,NORMAL,22,False,0
2026-08-19 10:18:10,53.36,0.1828,0.015,34.16,175.3,0.102,NORMAL,22,False,0
2026-08-19 10:18:10,53.39,0.1694,0.0263,34.37,174.85,0.103,NORMAL,22,False,0
2026-08-19 10:18:10,53.51,0.2069,0.0184,34.37,176.24,0.103,NORMAL,22,False,0
2026-08-19 10:18:10,53.55,0.1898,0.0375,34.37,174.41,0.103,NORMAL,22,False,0
2026-08-19 10:18:10,53.58,0.1841,0.0028,34.37,175.13,0.103,NORMAL,22,False,0
2026-08-19 10:18:10,53.62,0.2057,0.0156,34.37,174.52,0.103,NORMAL,22,False,0
2026-08-19 10:18:10,53.66,0.1948,0.0152,34.3,176.17,0.103,NORMAL,22,False,0
2026-08-19 10:18:10,53.76,0.2101,0.0187,34.37,176.04,0.103,NORMAL,22,False,0
2026-08-19 10:18:10,53.8,0.2078,0.0115,34.37,176.19,0.103,NORMAL,22,False,0
2026-08-19 10:18:10,53.83,0.2031,0.001,34.3,175.66,0.103,NORMAL,22,False,0
2026-08-19 10:18:10,53.87,0.202,0.0019,34.3,176.97,0.103,NORMAL,22,False,0
2026-08-19 10:18:10,53.9,0.1956,0.0018,34.3,176.95,0.103,NORMAL,22,False,0
2026-08-19 10:18:11,54.01,0.203,0.0002,34.37,178.33,0.103,NORMAL,22,False,0
2026-08-19 10:18:11,54.05,0.2064,0.0026,34.16,176.7,0.102,NORMAL,22,False,0
2026-08-19 10:18:11,54.09,0.2,0.0085,34.16,177.97,0.102,NORMAL,22,False,0
2026-08-19 10:18:11,54.13,0.2004,0.0126,33.95,178.17,0.102,NORMAL,22,False,0
2026-08-19 10:18:11,54.16,0.2112,0.0082,33.88,-179.93,0.102,NORMAL,22,False,0
2026-08-19 10:18:11,54.3,0.2292,0.0152,33.95,-178.36,0.141,NORMAL,22,False,0
2026-08-19 10:18:11,54.34,0.2091,0.0061,33.95,-179.28,0.153,NORMAL,22,False,0
2026-08-19 10:18:11,54.39,0.1941,0.011,33.61,-179.23,0.167,NORMAL,22,False,0
2026-08-19 10:18:11,54.44,0.2183,0.0187,33.4,179.7,0.1,NORMAL,22,False,0
2026-08-19 10:18:11,54.5,0.2108,0.006,33.33,-178.16,0.1,NORMAL,22,False,0
2026-08-19 10:18:11,54.6,0.2301,0.0076,33.4,-177.56,0.13,NORMAL,22,False,0
2026-08-19 10:18:11,54.64,0.2083,0.0129,33.2,-178.48,0.14,NORMAL,22,False,0
2026-08-19 10:18:11,54.67,0.2234,0.0044,33.13,-177.61,0.149,NORMAL,22,False,0
2026-08-19 10:18:11,54.72,0.208,0.0058,32.99,-177.33,0.163,NORMAL,22,False,0
2026-08-19 10:18:11,54.76,0.216,0.0092,32.92,-176.84,0.175,NORMAL,22,False,0
2026-08-19 10:18:11,54.84,0.2182,0.0079,32.78,-177.31,0.197,NORMAL,22,False,0
2026-08-19 10:18:11,54.87,0.2205,0.012,32.71,-178.36,0.206,NORMAL,22,False,0
2026-08-19 10:18:11,54.91,0.2137,0.0076,32.51,-177.5,0.215,NORMAL,22,False,0
2026-08-19 10:18:11,54.95,0.2091,0.034,32.3,-178.59,0.228,NORMAL,22,False,0
2026-08-19 10:18:12,54.99,0.2199,0.017,32.09,-177.86,0.236,NORMAL,22,False,0
2026-08-19 10:18:12,55.06,0.2092,0.0056,31.88,-177.42,0.258,NORMAL,22,False,0
2026-08-19 10:18:12,55.1,0.226,0.007,31.88,-177.19,0.269,NORMAL,22,False,0
2026-08-19 10:18:12,55.14,0.2125,0.0133,31.82,-177.22,0.279,NORMAL,22,False,0
2026-08-19 10:18:12,55.17,0.2179,0.011,31.82,-175.97,0.289,NORMAL,22,False,0
2026-08-19 10:18:12,55.2,0.2209,0.0018,31.82,-176.23,0.295,NORMAL,22,False,0
2026-08-19 10:18:12,55.3,0.1986,0.0051,31.82,-177.36,0.295,NORMAL,22,False,0
2026-08-19 10:18:12,55.33,0.2034,0.0053,31.82,-177.63,0.295,NORMAL,22,False,0
2026-08-19 10:18:12,55.36,0.2048,0.0132,31.82,-178.01,0.295,NORMAL,22,False,0
2026-08-19 10:18:12,55.39,0.2022,0.0039,31.82,-177.68,0.295,NORMAL,22,False,0
2026-08-19 10:18:12,55.43,0.1938,0.0101,31.82,-178.37,0.295,NORMAL,22,False,0
2026-08-19 10:18:12,55.53,0.1971,0.0314,31.82,-179.55,0.295,NORMAL,22,False,0
2026-08-19 10:18:12,55.58,0.2183,0.0262,31.82,-179.91,0.295,NORMAL,22,False,0
2026-08-19 10:18:12,55.61,0.2051,0.0297,31.82,179.21,0.095,NORMAL,22,False,0
2026-08-19 10:18:12,55.66,0.2046,0.0145,31.82,-178.78,0.095,NORMAL,22,False,0
2026-08-19 10:18:12,55.69,0.1846,0.0346,31.82,179.33,0.095,NORMAL,22,False,0
2026-08-19 10:18:12,55.78,0.2095,0.024,31.82,179.19,0.095,NORMAL,22,False,0
2026-08-19 10:18:12,55.82,0.2057,0.0321,31.82,178.41,0.095,NORMAL,22,False,0
2026-08-19 10:18:12,55.86,0.1997,0.0302,31.82,178.05,0.095,NORMAL,22,False,0
2026-08-19 10:18:12,55.89,0.2032,0.0252,31.82,-179.21,0.095,NORMAL,22,False,0
2026-08-19 10:18:12,55.92,0.2241,0.0172,31.82,-179.4,0.104,NORMAL,22,False,0
2026-08-19 10:18:13,56.03,0.2102,0.0214,31.88,-179.4,0.134,NORMAL,22,False,0
2026-08-19 10:18:13,56.07,0.2298,0.0315,31.88,179.22,0.096,NORMAL,22,False,0
2026-08-19 10:18:13,56.1,0.2238,0.0353,31.88,179.73,0.096,NORMAL,22,False,0
2026-08-19 10:18:13,56.13,0.2233,0.0282,31.88,179.58,0.096,NORMAL,22,False,0
2026-08-19 10:18:13,56.16,0.2132,0.0371,31.88,179.37,0.096,NORMAL,22,False,0
2026-08-19 10:18:13,56.24,0.2281,0.0337,31.88,-178.79,0.096,NORMAL,22,False,0
2026-08-19 10:18:13,56.29,0.2314,0.0318,31.88,-177.96,0.108,NORMAL,22,False,0
2026-08-19 10:18:13,56.33,0.2393,0.0304,31.88,-178.21,0.121,NORMAL,22,False,0
2026-08-19 10:18:13,56.38,0.2215,0.0279,31.88,-176.45,0.134,NORMAL,22,False,0
2026-08-19 10:18:13,56.41,0.2141,0.0366,31.88,-171.37,0.143,NORMAL,22,False,0
2026-08-19 10:18:13,56.51,0.2254,0.0763,31.88,-174.69,0.172,NORMAL,22,False,0
2026-08-19 10:18:13,56.55,0.2443,0.0491,31.88,-174.16,0.182,NORMAL,22,False,0
2026-08-19 10:18:13,56.58,0.2564,0.0546,31.82,-174.13,0.192,NORMAL,22,False,0
2026-08-19 10:18:13,56.63,0.2653,0.0712,31.88,-173.25,0.205,NORMAL,22,False,0
2026-08-19 10:18:13,56.66,0.2225,0.0826,31.82,-175.03,0.213,NORMAL,22,False,0
2026-08-19 10:18:13,56.75,0.26,0.0676,31.82,-173.95,0.239,NORMAL,22,False,0
2026-08-19 10:18:13,56.78,0.2699,0.07,31.82,-173.54,0.25,NORMAL,22,False,0
2026-08-19 10:18:13,56.82,0.277,0.0582,31.88,-174.05,0.261,NORMAL,22,False,0
2026-08-19 10:18:13,56.87,0.2441,0.0427,31.88,-172.46,0.273,NORMAL,22,False,0
2026-08-19 10:18:13,56.9,0.2486,0.0293,31.82,-170.39,0.281,NORMAL,22,False,0
2026-08-19 10:18:14,56.97,0.23,0.0082,31.82,-170.66,0.295,NORMAL,22,False,0
2026-08-19 10:18:14,57.01,0.2353,0.0086,31.82,-171.12,0.295,NORMAL,22,False,0
2026-08-19 10:18:14,57.06,0.2349,0.0155,31.82,-171.06,0.295,NORMAL,22,False,0
2026-08-19 10:18:14,57.09,0.2235,0.0141,31.82,-170.76,0.295,NORMAL,22,False,0
2026-08-19 10:18:14,57.12,0.2148,0.0143,31.75,-171.94,0.295,NORMAL,22,False,0
2026-08-19 10:18:14,57.2,0.1955,0.0239,31.82,-169.84,0.295,NORMAL,22,False,0
2026-08-19 10:18:14,57.25,0.2296,0.0099,31.75,-167.65,0.295,NORMAL,22,False,0
2026-08-19 10:18:14,57.29,0.238,0.0194,31.75,-168.2,0.295,NORMAL,22,False,0
2026-08-19 10:18:14,57.32,0.2141,0.0203,31.69,-168.61,0.295,NORMAL,22,False,0
2026-08-19 10:18:14,57.36,0.2211,0.0118,31.69,-167.93,0.295,NORMAL,22,False,0
2026-08-19 10:18:14,57.47,0.1943,0.0193,31.75,-169.09,0.295,NORMAL,22,False,0
2026-08-19 10:18:14,57.5,0.2148,0.0225,31.75,-169.99,0.295,NORMAL,22,False,0
2026-08-19 10:18:14,57.54,0.2049,0.0146,31.69,-169.82,0.295,NORMAL,22,False,0
2026-08-19 10:18:14,57.58,0.1886,0.0113,31.62,-169.83,0.295,NORMAL,22,False,0
2026-08-19 10:18:14,57.63,0.1881,0.0167,31.69,-169.68,0.295,NORMAL,22,False,0
2026-08-19 10:18:14,57.71,0.18,0.0164,31.89,-168.49,0.296,NORMAL,22,False,0
2026-08-19 10:18:14,57.76,0.1923,0.0165,31.96,-168.01,0.296,NORMAL,22,False,0
2026-08-19 10:18:14,57.79,0.204,0.0127,31.89,-167.62,0.296,NORMAL,22,False,0
2026-08-19 10:18:14,57.83,0.1707,0.0017,32.03,-169.89,0.296,NORMAL,22,False,0
2026-08-19 10:18:14,57.87,0.1691,0.0098,32.24,-172.89,0.327,MILD FATIGUE,22,False,0
2026-08-19 10:18:15,57.98,0.1825,0.011,32.3,-172.19,0.297,NORMAL,23,False,0
2026-08-19 10:18:15,58.03,0.1919,0.0076,32.3,-172.14,0.297,NORMAL,23,False,0
2026-08-19 10:18:15,58.07,0.2198,0.0162,32.3,-171.81,0.297,NORMAL,23,False,0
2026-08-19 10:18:15,58.11,0.2405,0.0103,32.24,-173.65,0.297,NORMAL,23,False,0
2026-08-19 10:18:15,58.16,0.2294,0.02,32.24,-175.39,0.297,NORMAL,23,False,0
2026-08-19 10:18:15,58.29,0.248,0.0279,32.37,-174.02,0.297,NORMAL,23,False,0
2026-08-19 10:18:15,58.33,0.2125,0.0124,32.37,-176.3,0.297,NORMAL,23,False,0
2026-08-19 10:18:15,58.36,0.2218,0.028,32.3,-176.79,0.297,NORMAL,23,False,0
2026-08-19 10:18:15,58.4,0.2211,0.0239,32.24,-176.31,0.297,NORMAL,23,False,0
2026-08-19 10:18:15,58.43,0.2097,0.0204,32.24,-176.2,0.297,NORMAL,23,False,0
2026-08-19 10:18:15,58.55,0.2245,0.0073,32.37,-174.91,0.297,NORMAL,23,False,0
2026-08-19 10:18:15,58.58,0.2139,0.0247,32.37,-176.87,0.297,NORMAL,23,False,0
2026-08-19 10:18:15,58.61,0.2064,0.0129,32.3,-175.8,0.297,NORMAL,23,False,0
2026-08-19 10:18:15,58.65,0.2161,0.0098,32.24,-175.82,0.297,NORMAL,23,False,0
2026-08-19 10:18:15,58.68,0.208,0.0196,32.24,-174.92,0.297,NORMAL,23,False,0
2026-08-19 10:18:15,58.78,0.2195,0.0252,32.3,-175.04,0.297,NORMAL,23,False,0
2026-08-19 10:18:15,58.82,0.234,0.0146,32.3,-174.49,0.297,NORMAL,23,False,0
2026-08-19 10:18:15,58.86,0.2315,0.0126,32.3,-174.42,0.297,NORMAL,23,False,0
2026-08-19 10:18:15,58.89,0.2432,0.0219,32.24,-175.65,0.297,NORMAL,23,False,0
2026-08-19 10:18:15,58.93,0.2247,0.0212,32.24,-176.61,0.297,NORMAL,23,False,0
2026-08-19 10:18:16,59.02,0.2375,0.0252,32.3,-175.83,0.297,NORMAL,23,False,0
2026-08-19 10:18:16,59.06,0.2278,0.0248,32.3,-175.04,0.297,NORMAL,23,False,0
2026-08-19 10:18:16,59.1,0.237,0.0172,32.3,-175.26,0.297,NORMAL,23,False,0
2026-08-19 10:18:16,59.13,0.2273,0.0099,32.24,-174.79,0.297,NORMAL,23,False,0
2026-08-19 10:18:16,59.16,0.2371,0.0208,32.24,-173.82,0.297,NORMAL,23,False,0
2026-08-19 10:18:16,59.24,0.2294,0.006,32.3,-175.21,0.297,NORMAL,23,False,0
2026-08-19 10:18:16,59.27,0.2405,0.0074,32.3,-175.74,0.297,NORMAL,23,False,0
2026-08-19 10:18:16,59.3,0.2399,0.0083,32.3,-176.3,0.297,NORMAL,23,False,0
2026-08-19 10:18:16,59.33,0.2312,0.0055,32.24,-176.0,0.297,NORMAL,23,False,0
2026-08-19 10:18:16,59.37,0.2542,0.0095,32.24,-174.26,0.297,NORMAL,23,False,0
2026-08-19 10:18:16,59.47,0.2292,0.0027,32.37,-174.57,0.297,NORMAL,23,False,0
2026-08-19 10:18:16,59.52,0.2385,0.0028,32.37,-174.91,0.297,NORMAL,23,False,0
2026-08-19 10:18:16,59.57,0.2165,0.0012,32.3,-175.21,0.297,NORMAL,23,False,0
2026-08-19 10:18:16,59.6,0.2359,0.02,32.24,-175.74,0.297,NORMAL,23,False,0
2026-08-19 10:18:16,59.64,0.2259,0.0147,32.24,-175.35,0.297,NORMAL,23,False,0
2026-08-19 10:18:16,59.74,0.2249,0.0157,32.3,-174.77,0.297,NORMAL,23,False,0
2026-08-19 10:18:16,59.79,0.2187,0.0125,32.3,-174.15,0.297,NORMAL,23,False,0
2026-08-19 10:18:16,59.83,0.231,0.0181,32.3,-174.82,0.297,NORMAL,23,False,0
2026-08-19 10:18:16,59.88,0.223,0.0174,32.24,-174.26,0.297,NORMAL,23,False,0
2026-08-19 10:18:16,59.91,0.236,0.0157,32.24,-173.55,0.297,NORMAL,23,False,0
2026-08-19 10:18:17,60.0,0.2224,0.0102,32.3,-173.51,0.297,NORMAL,23,False,0
2026-08-19 10:18:17,60.04,0.2232,0.0188,32.3,-174.5,0.297,NORMAL,23,False,0
2026-08-19 10:18:17,60.07,0.2269,0.0178,32.3,-175.07,0.297,NORMAL,23,False,0
2026-08-19 10:18:17,60.11,0.2387,0.0203,32.24,-174.54,0.297,NORMAL,23,False,0
2026-08-19 10:18:17,60.16,0.2361,0.0304,32.03,-174.21,0.296,NORMAL,23,False,0
2026-08-19 10:18:17,60.26,0.2127,0.0214,31.75,-175.94,0.295,NORMAL,23,False,0
2026-08-19 10:18:17,60.3,0.1971,0.0126,31.69,-175.13,0.295,NORMAL,23,False,0
2026-08-19 10:18:17,60.33,0.2012,0.0164,31.48,-173.93,0.294,NORMAL,23,False,0
2026-08-19 10:18:17,60.38,0.209,0.013,31.42,-172.57,0.294,NORMAL,23,False,0
2026-08-19 10:18:17,60.42,0.223,0.0348,31.21,-176.5,0.294,NORMAL,23,False,0
2026-08-19 10:18:17,60.52,0.2136,0.0213,30.86,-175.71,0.293,NORMAL,23,False,0
2026-08-19 10:18:17,60.56,0.2169,0.0247,30.66,-176.24,0.292,NORMAL,23,False,0
2026-08-19 10:18:17,60.6,0.2198,0.019,30.45,-176.35,0.291,NORMAL,23,False,0
2026-08-19 10:18:17,60.64,0.22,0.0198,30.39,-175.41,0.291,NORMAL,23,False,0
